2,veli@mail.com,1644085870192,veli@mail.com,1644085870192,4,true,72,"data:image/webp;base64,UklGRhAMAABXRUJQVlA4WAoAAAAQAAAAfAAAfAAAQUxQSOsEAAABoIZtmyG5qu7ptW1vrEVs27Zt27Zt2zZ2Y2cdJ2vFyWR2uuf7DmY2M1W1f8+JiAkg/6VdEP9dAInOniUr1m7dp0/v3t1qhrqYFRh2AaGVB684FZ/+QwYARET5y5uTPYpaFAAqh7pLb754/0vGP/4Sv7KGrcA3ya3T3ow8QECjwuctlcz4JTpWn3Lzqw4RAY0tf1jmKXDKqtqK1z8AEQFNqdkfyCXL8htykc6bxQTuiD6j7uUhpcohd95YNDquRqAFNRPM+GLdNU6LiACUYHJTrkjNExWkWnfLgSNSlwRAymGEBVOCuWBIcGwXqyD1z0pwQnCenKgg/do5Ikv5tenzSosICJRhfDAXxCrRCgIw8KuvxJAgGii6X42oAwCk/rITQ4ZtF6QDAgIg/Q9d2ROrxcjI6lk79lznaQERARhQNlixVzMa9egY0E43Y856/Hc0DEDZ10YCa0LwGRkMUZ8VRliX2qYgu088mXNZo0ZEYGSvxFzYLQXZnU1Ylzp/RnZzmzBnP09GRJmRd+H5EQRCiCCKIhFUZiqBFp/jyPBqO0Mq/0rlI4JCKjVqU6tMZPP+rcqXCvHzc3exNzeV6/Lv7DzxF/RJpaeciI1/fCMq5mPqu7iY9z8ynj2+E33+xPGd81uUshJMIVU/JxsCyn6NJoQIVk7e3gOivunQqCB/Sbs8tIKfhfGIqvLpn4xoo+eO6rjgbmpmmoImVb99Nq+Y8YhZ/QuyPvq16m8apBEyJ1kaj5hVjlYQgQV64YSnCYiq+W0ZEfgE/8Kj3qYg1l0TFEQdl/R+m2FnEmJeYdcnQFp1QN/hQGJi0X9w1Act0PA7ffFN+rZ4mIoQ0bfVutgvAGAaSB4fJi2lDhJGVvBWmYgQlV1Etw0PPn5Ra3TGUDSanMQdo0qbq8hCygBRlxGzpYTJCCGiU+k2Ixcevpb6NQ8QUav+rUed9ujyjhX9qzqLhBAy1VjwBwAAehAQEd81pkG/hWdk2w4jDY6aMGFUs9K+NipiuLtspPwC/hsA9OiNiqCHECJJlvm1EEn+S2SYzCBgPr8vcKHKtDbbZUry+/1QKZEDVo6uoaUbTLxAXcqykhJh3jps6ob9N55lKkgr/Asg7/0QT4GwLRbvtTwqG5BB3acD9S0I42aVo77IyKAuL/Pu7OJmhPWIS8ig8u311RXtI20FwrrUP5syzbub5w7uHFs3xF4SCOuSV51zaqp+fTjUpXiQl5ulQNi3LbfgTpqCtMKnA2u3DIp0VBFOOg+M+qFDAFo0h32dnCxFwkvr0clI9Y8JhKuRMUCX9mpJiSdtchGBJtQery4WYKiNrm3Oj7rJSP3P4xUlbgTeow8124K5YbPgN1CHaYNVvBDLxTAgn/MhosAFYt7mfh51mNnTkvDSru7mOA1tsM2PG4R4NNycQxl+bCfyg0j+017JNAH+WGTFEULcej/5TQ8gKLuduEJIsVF7jx/adycLKEDEvBXWnBGsXH08vcNmJAMNumvlBc4Y9JiaRMPbSirCZ8G1wYZzd2KyZJN8HqUi/HYJCqvZ/2KmKS4FEN67dziTIRsrs4nIPWJZpv+p1F9fkz+rFSV/8HO7KykIRc+6E0a36jB117nXXw3J32PXlBQLBEJUFhaSytLOp0yvTUcPrFy2fPnyBaMruoikoJVcPF0dHBwcHK0l8r8VAQBWUDgg/gYAABAiAJ0BKn0AfQA+kUabSaWkIqEmG/s4sBIJQBrL+tofbUgqv4cDfbxeZjzxNNA3nPAL/5z2j/4f8YPNuuIrb74ZdrBvSmzV/JPqG9JD0L2XMGxb80QYs7WdE/5+uT6G03IVgvTUwqtjGfriDqCTnxwdi7fT+PSumUhTm85CmdizPanhwgE0eAoUtGEUJTz8c14zMWU9nZt/Xnx7IDxDo2GPs3N5VAXP/tcuisvfrRMagfgkmARiq/KA63j/9h5VYLYb60XEGpUYDY8H1pSQi6XrR5K855Laq7S5CXyShtNVCzDrtqBK4PzwoMVoBGhrsnK3Ibr/yVaRATHXMC1BKe5+BMQHS4IkOGELNEPChj7HZ4h++nNTFvYAAP79NmgB+/8OvTzCH25npxbxLFarb/suT31dWbJpA6g/f16y9cmkhnEVWJeQjnBe/kVeaNXzoPz722HwcnZBvlnD8Hz9dNImSqC+VWmS38GPr0HJUpXBP+Y1Mh8JAY1ARTHHPNcL2ORo78oWvMaURlO7ypbe9+nU+bw4MhLHWRnYO7GFCi08wcHvfADKDJI0DRKTH+HpQ4pYnzHnuW8secU7esl49KKKNYSWt38S3SPvEc/N4RnwHvg3QLX6RvcvTeTaRp4hSROAEnrolqPZtsKKK/pYmLTwPORT7VafTBofuM95tU6zdyByFaanCdLnDDXPJ+8hq1VWUEWAxR53LV3493Z29X0WM5Fg4q862KCWzTXPULa4exUVQ1XPhA0oVu5h1UC3QI8eERMfcRhpFv/fC+UqaiZQj0RqvFC5AgNDvY0LnpIvc1YzHAWUM7DjXPCgvq0cnFQDL8Tm5yi47LkLhN88/x0v7JINPSRqz03vvuH6Jd9b0d+GMrv+HFMR9GWvPrleBzeSd6jd45hPYTZk5TsW5L+iIN9yrM7UZ7qsofu10eyjGQq7KWFg8YJz8daZhxy93D5lJ1qQfvPm5FO1PjtLlPYb5pcj9gLAveGccgpvXMj77Nr/g8LHIfDawngVzypAqW7jspQOxa1a+PZmK8evMa4wvGvoLHyRt7vYlvtfHUQIn/l5LPUqFUbfJwNWYZ/7z/cz8wgU7rG+ROB0bmT71P9nm6UsrSMPxC00Vs/HZJJ+qwigD2iVQrNYMIOej1zmIu7Ud09rZmNgVfdzLHdlWpldklTnNKydjeKiBtCRCyXZqfkN8GVPFexCxuL4DW1mldwp0SdIt09vxty1/7F6r1C3UtuqCpgqKd+qS1JAmUMiTpj2Q3iNG2HKyMzmQlhPncmWIWE0UCUzbK4FJ3UvuMqM2slANVmk54CbbZqEWJqa6BqYWlBvAZ8HDwszRY6Q/e5sqY3HhTCSUr3B61ZNCh4LE9J04SxAyDf6I0wyabIUThx0j4eRqn+XJmAOuS6/FuJoSCsyi0Gd4ualuhRezBPFNSxW69gGpziTQFdUKekZIAn08I3D/47fxxi9Gxf0ZA7HfVXKL+BeT00FLo342UcME6Rv7folqhXb0XsC6BYP8ekIpQ6lrNOgXqSmPakhmDlQLhaqMyq2/dtQSrjBvS0Rw5UbdhoUKYDQ7HvwmiFXzllRri+DEWG6IfOBLpytrnDmKabRICz31OJKt1997Fhx5UluNZG3poqrX7NuzSqCXpYJnSAEB2kqWQJrrS2JIZfri7Og2qwmPvzYF9ffFnNks3edPYl/SdrWOFoMOzKPYclC/fYPuPBZPsg98RRbrpf2ib+GXhLv2dmxiAqn77+ayoYlzXkhU4cs+oH4lZ1+srDjuyXoTnZTYg9J2cHt0IwDeioxUxAyAL/vQlDoRYCJGNLUTGwOqTepSMZPSM20yXoLs8pGOkDHLA/D+g4oUPHd3x694v8nFRO4mwRrQzxNdphLVW/8xONRB1A05Fe4/qRukJheWS9k/ax63Qv/UHgVRlzZwQ7fZNyrA0f+WEeNlhHw6kQ4s2thYl0mMwdivxDJ5kseVapl3Fd7/EMoprcQGFzlAw/niR/LmA3hAEz3E3bp7rw7fusreksLMD9MQUxna4G2ZwAc4xUBOyaV9SYz1/IIR4voKurV/uOwA6+fyS8tIN+RWCxAdovulwjkbObjY2Oc4xtTF5QD/f9wy/3jiDQE4J13lIm4al++mUU4Xe38d9vI7Tt5AYACKcJt2FzjFMB4/6rGi+0Nq6Zwecter6Iey0g4gyn45liAtJoddN72I+yq76fyWwD82fQyW3WvbKJM6v8Lkum4Lr47kMSOZPy4uHb+wnJUJItNSwoFKEjiwRwVG2OkyEiLtgABmVzno8i4StYN5UBpfMlJcHHp2rR7gVTu+NKqLf0rJnYXlYDU9OBO5GSS3xD1GjKnmZjSH8ngGsaWBxBvWw+Wih8dcgc+xBjapkAAAAAA",Kavun,source.pdf,kavun
3,veli@mail.com,1644085880965,buse@mail.com,1644763723433,4,true,20,"data:image/webp;base64,UklGRroMAABXRUJQVlA4WAoAAAAQAAAAfAAAfAAAQUxQSGIEAAABoAUAkOlIqiRjZm7sOSyytm3btm3btm3btm3bHMev1umu1Pu7j4iYAPi/Yl1AcLBeo066wKKjVx88tKtPRh+N6rjnGH4Bf526vqafuviV2frJjr9Xks7W81SRbKu+oqPxo1UjzQwUejCjKmjznreKsR38V6MCpZ+iaPvBf/ir8hjF27bFcRf7HGVaFzEXcgwlN9JxphtnknU+DWeFvqD0iYwF7lHkPQvnq4kZ5SfXYCvyBlJc78VVJxOJ+5FMBTxCmk140vVBoof/ZSnuGhXL+Zwc9UC6SVPD2XE9RQitR4t7/pnON+yfHDkzRAR6ap0l1ydKiF+nG/7Aq8To3U8+2TDh/cXlHQxO0tRICy2Pp8dpf4pueSbejr83vVxZMtAJtINsxBBt16q4g0vZ0xZ0NHFvIw9yHkvQCY2r8k1EsefLUfNa6wyIryyC8G0rPS2PZc4h0TjLj5TbTIUXNM7RU9L0sjKD5h6UoGEqNxjfnFKJeHbwdhihyDf84CR3OtrjDD3LSgdGM4T9CBX9xNAdfzqhxxhKrknHZRhD9smuZCAuhR88GUAHjjD0IS2hEwxhHTqBqRw1oVMO1Uw7StX+OqBq6e6zVEGSxiMgJDQ0SO/tVd7CUXxWKfqyvZecuPvo0dWjm9deR44vBorzLTDjXoIVWVeWewqLnf8aHVQYMrXXCPJo+h5V8HkMiHUb9hkdV/hRFriI8eqLIhl6mReE6kcbhTA8zVNIxFIzquLbWBBZ/hWq46e6INC16ktUR+MQdxGVv6A6God7gECvk6iOjzt7gMiS8apgPZfLFUR6rUP+rW+3VXQHsbEvODMnfnxzf+e4lrn1GhDcGTlfXiFLpDvIDNjP2mUDSC70ljX7qSBJQ62sIZ7KIGc6Mm/fGaxmaJ3uoWaYUNj5FGfC6c7n3A8NEoYr/Jl7S6ifzB9ekJD/tQrY0ovzO0JPoYcdxEFlCzln3OQjLvQComJX7KzdTSNO18eMdlQU1pJLiIOIm8i+0lsCtDOjYlcUznCVDJ85iIh2O2cn3SRAyB0FFRtrD/QyoPwbZP51uBSX+p+I2V7uTGQEXLuk0tpdKOtTWq8C5QDUf0/INMUb0t6jdcNTllv9F3Yqzwb6AsTcorUH5BfYS8O40wAA4H+O1nACmpD+z+XZrrfyhZ81y0mlViQA4FZ8n6z4yf9p4NddSN1PSwIA6p+1SHg2Ixb+MN0XSut8qOjiuj5OFZN8f0RWd/hTvz2U6gHhuIZ7Pzv2Yl3tCHBQ295IJ0FPCcAvc8eN114m2hDRkvz23uHxVaO8wPGwO2RsE4G8a0SeKr2HDh3aqWqhND4geACZp9nokQzbT8TaBljWlkgloewN4gmg91cKdwzAtVvHJHn3SwPfHiNNsr6U1zEG0PGrnNO5gXfPWsdShdnfT0kD7Pu3uGAVk7CwMKihNrDmkocpDiQ82NfB4KlRBQBwN7Tc+Pl3pvszKhq8QGWDMuatXKNGjQJZw7Xw/6FWUDggMggAALApAJ0BKn0AfQA+kTyZSKWjP6ErlvxL8BIJZADRAI8RrK4uz+b4nY/ELPb4eZnzwOi36lzeTv7x/08JA+Svgz8z4a45W826STrVajfl+4eoN0tGiwAiYGEAof+Ed5ChBc0X3IBDhIvoQI3+Md8qKOcg/oIrz1QXSEAPM1ihiWoTfuafgqnPucIfWv2FgzREZ4XjOn0PsbxvFJk/VXqd3eZNwWhTWVEDilldM9g2lW//TBJYBBc4izFdA4W3clWtpn+bmqjCU/M8sqGflANWFAr3f49RJQCwlEIiaCEzS63DlR/KCC66YJ4/j66Arus4sdeW42y+fmYCCIN3sq1UOXT8+HnQd9aU7hUYneGqF7mf4XlMeqz7qwcDn1A/T6Dza0TlGUH0B2KkSOTab0AUErSZQtlHnBiXWqR3A/OCjJL/pNvEnawJe6IrgXm0QZaJnNlW6MB4pAD+/W5Ik/siGeVhjfVo7f3O3oj7MXdpQXUgmJvw2PsLp2O9F9Lj+rGNi5NxIGZG/zyaXMSiuQh06RKjHrl7GePBh2tR4U1ev5AweuWHnjl+aEkDCozCqL8TPJjoAR2vOcMUB1f6slhyQ6j+ntiVDZv7H80zEgLAugCsxhmkvUJeE9JJ/bFr5aBza+PRwcu4YKWN6Am7tlwTa40M1BxgGB//UfEMnJJmJ9nFK2tYyqzr1PnV1l8pxNaiHh1TicRjJXAZE5rSbNvCI/bxkVDvD6EZl08gGhuskEGMhziALUYAP1EsVrQrH0jhwh1XKlOaE2Fl9M+Il9qITm7yRqIBOoC2VDEychuDePUQoA5oORkJGWqb2j8n3BO8Vl1cITIsm+vw8mL/J+wdUuDrDwYQ2/KTAIeQb0HXkeYUI4Mb2LiE/pT+f+cExmxi3CFXXIdW0e+abiAAfFGtx1QsCG0XJi/r6cHLTTo2wMLr1AWR+Tribsnf0Jf6Zneol2Yu73V85tjUaeLXTuhiRJgUndbbYzWgfuvkQ0kbKMagtQaZHqnnJoTOO1Lwp7+YpB3LoPEs96G7OJuNhFJaC57WnnPnLrVZts8VWACGw0wauHSWEx67BBXkWNd3W0uQhiEJCYZ5aQ/MAkQ9hcbWfaQ8bVJUfxcqgtfqf2q/grMpYPlIVQTOgzcVV2GkipRT9w35H37egf05ARaCmBYWoRUzv1uiQS/7STIwm1oQw7x52WUggzx9CerhBn32ffMQEyIJcS0bqFcJAHuZ/LsR3YuUWRLLLA07NlHT/LK8gXr0gxsmNvxSTb+H50vQycEzbbiFWJv0AlPCU13H4EezJ4Dqj3hW7wqrEXc6eLUAv0bPRK5ptumTziNKDWYMk/tRx1kvAUefhMVATPN/I30KFLFPyYIX42WqkDH+AQXesMUxeYYats02FFZoM+rFUbuJWGUOJDNu9E35ZFNulCvXeO3cudP2oSMN0QbACJDUCMtVQLccRBwGNvKiSLwyuQEzROSYHDQaCGOUC5uBNZ7mupdyDApbJcaYA6hqfuYDhJ42H2meLmEcLVBtw0o+dRDW4+BOz4tvz5DyAWVfdtFhAiH6gMeM6CeLMQ+CLAVT9TBzoH9A0TL4kkY4ASbk59vdlhqymRGzC+j1FLYV3AEhWDGuRh3gl4Yx/TQp5L4XjCjrS5rV757PjLlFw9V1//Va0nkL76O4t+1xlLBrvXy/MgwNg1WpURI/5lt/ArLYxhYhZ27gCTdEzqsTG/SziCaMyQzlYKw8rn9UO68qA24kUqhEwHgjuQq/Yl2mTmU1SA4ED4cS/FzYXU8HCyowuC4ogxWNIyMWeQ9pWdqU+6Pq0CAyDop9zYrUmeBER19Yq1xmHx2RTu2B6AzA3kuiUEvwk5Oah9NY0vcD2TJ9M59ER7J6klQOOP0fIj9GtBjFVFRVAxK99R9QMQPHOMXzf8bQMWknr2anu1w460DGXRj9bUesN7m5XncgP5DbqStijiXhAHfNh3mrWywG+0+JboYenXi8HxoBpM2czfOAW02ZelnpnpfyBaagkfw0mjHnhxFRv9jdUwbTqwLfuAtPAEHefNFR4v4bifm8mQhntNpo8n6oxYUz8BLeetxrRi09dPUmfymiMD/giyQbmRN1vS0hr+GqzEWBTyje3clZ41mkjEGAH9yNPSwjF80VQ5PdxnXN2jmXNILNzrJVrSWb3ABgnJNaWFUNALOZicWtbOEvaFLF3to2dMVUZze1YD6MRKSwv2w9FtxY4E4gLBMpGk7u9Z7BDz05R99bJIsVQl+y2WLIF2ALYRijABso72QzijlVt71tVRPpGuFSJ177Cqg5Gd4hcqt1oruIcUqhCRHk7gdUp4t+INM/WzmJoupfwFyqALgnW9/nFNEblSbonaccyRyTstRfkef0blFIb0kOej+ihf3RwMQ4sxvBH7Wq5PgWw3rC1vjIBA38LqzrxQnQqfjNXvP3Vntf+H+c+nOj/hl5wqa2Hhtnc7AK45TnYwvMeONcbMcUQGE75Pf8JTz11IYrL9p0BIDVlrIAmm4C7+F3eeZYmoJfnv2tU5tLA/UMQivaE38m+WZ9c1KUv3v/P/1trrMrbeAS+LAhl1DvR+dXarIUMtTDapw+I47IcWBMUOyYvJT8bNnQV62Gk1fb81y2MmAnhLzpR1mRqEJ5IHhJ3+RHUVzGZtLtVetn4d2of2B67wDq/sL3rjqY9t+oT5l+b05qg38JBuVh4q/AHFBnAAAABnNK4g3UP3K20LKYVIVlvEQ8ychUt0HHSNdSNocwQPugC/DAgXeQkjD2KXYeFL5I6ud+ioKitBXXX0AAAAA=",İncir,source.pdf,incir
4,veli@mail.com,1644092735179,buse@mail.com,1644763656221,4,true,60,"data:image/webp;base64,UklGRigRAABXRUJQVlA4WAoAAAAQAAAAfAAAfAAAQUxQSOQHAAANoIXtfyHJ+v2TquruwY7XtvHssW3btm3btq317rFtrG3vzGpmdhpVlfwvZqerOlV9dW4iYgLwf+2ybZctLlqpvU+1P36tWHU/rR+QyxQn+4hLACCNotzxnC5o7Rel8vsz2OrmYjTkKoWtlzcXny7numizorHo9LhWoe0sim3tBR7yXFZ0zm1GnmvnFxnaZlvkyb+VFZmas5Fv9gsqLtap6bwaZqOAqc52lyoSm1bolS1xQSO2Q96rVShklVUP7LqdXcWZDCNZQvVXN8ZE2YUqv0aEWbbLXgOqkWeqhjrPro8HsX8C+WeDVdYdfHwTI+C0+wnx2OkIBCxJB6jY/6BqBF/7uISxHbsOLa0ZXA5v+foNm2bPTwc5KRckkcvHGXLxdghz5k0CRlJJ32EjB2eyYAbb3WtrUlWZpV9M3cJ5VByNoI1o2x5wygCE+serMNM5eP9BzAxmIhAYlOg0YuAeGz7+uLkNcSwCL2qr48n7Idwlt8JEqjvo1GbNjNYEAAQQWCT2OrTf8z816FY99gnkLdyaNejOHMKd9QJMtHa5MMfMAAOEfAlA2cBLrfGTPAD7u4FWr9jaAWcj5CUPSQOsXndUghkEEIITkNrxvNzjU1F1KAL/XNpKHnIsQp55KwpP3Y7aCa0JhTzm+PumdSgNNokAiNHHIVz9x+swcMDNGgAIBSWr+31Pt2QCNf4HAKPPR7jex2Ng4A5naRhJfe74yg+iJgCgvhdwOBueXwYDu1yvYCh1GYSg674A0PNahLvkCRsG9rsd5hJTkLEW0PN+hJoZ8zZMrDjbM4gByq/+C6DiKhXKujHzYKJzbg4GEzFTPvrjJEovyiBE9fezEkZuuysMD7BMVl3tIsSmN34gGFl5PkwnLfKwjukwIoMQlz+WgqFHtJhGYOQ77AwE92e/+SVMtc9CBJnyCMqNm+Ys+yktYeyeiCAxU0jZye83SJhcfngkwAjVm31vGQzv3D0KYWff+wLG7+vFxrSHJIynXRBNCqY++kLA/M7VEYEWAbwPvkEUhzRFJfDCD4UAoA2TXdJREWDKq+vp7QCgcerGIdWLV4jZTWYkttXGMCgPJgCEvMuPrm1VNbIa6N0N7dw/pv01K1MwSsFYYrRmYgIhOBPy71q7ff9e6ef/yRbKMge0FYAQKiF4qnbbs+e9/1dhIAwCmACCyRUnHLTwjbleAXRzuTCFQQTjRYcTd5nz8ObwvFmDEqaAEM2+R+799sSWsPTa9pYRDCJEdvtTFr+xmcNRU/tUGsAEQpSrrur4/rfhYBV3NQAgRPzIk39/bWMo6T/3KBwLRF60uyLx5Now8N2oygIxEeKw9OTjnpmiQlhk9SgMC8TlkAtnvuoFW/Hv4QVhgfjscul/Y3Qg75MDkgVggTgtu3Dc4kCY0bRzAQhx2jxrUSWC+w+f2TE0jgNvS2ZVZsucxZv/9BHuLwtPo7AI0d40tWFFdmV9ukQkLISffWuXwWFF3Xvmd5i49NmrO8ZS3fmPt5igv1l1RizRtomfTID/cNUFcQTc89piE9D0yF67yjgavsuLygQ0XHX8IcGYomefNHWaEVj50K6HpIKAKXKoPGRMzgisurfnheVBwBQ569Df1pogHLf5+X8e7CIDEKLfgesLJyyQJeSPLxy8WxnlFYfJrgsLB8eiEinknDc3HDo40RZxHKD//MJJaSWchEW2v3jShhGd21l2q3ik9g26YCDbScBOuSzTa//cYldVlqdKYwJVW7yCsa9Ttu1DJpuFTS0bGhqaM66DnsNkDExH4ZViV2nJEIAUDACkMvDq7OjxfANYeZk0s295js6WggCwlsi2L4/eulUGwFeZrJ9TQms4rgaEJV1gY3bPyKnxSRPgezpNXg7K8ZSlhVBuCvAX7lwWtXlfwEx2fU+4DJdJS+Wz1AxrXe+aiDU9BHN9DaUAhiaANIHWz93XitaMjEFgkAY8DQDEUpH/666pCDFhjG0SoNG2hobG1zWjIkRY/A+iywCaPz3SiQ7cCYj6+A47R+ivPyNX/+FFMjLZd0Xk9Gftdo2KHosYdO86s09E5k2iGMBf08+ORvOziEX3heSZdgSa7nbiAemn9xkljPM/3oKY5CUPnzPaNP7iJ8Tn9KfP3lYa5X/1E8WInvHOqcON+vkDQqz+/PIZ25YZk/lkLOJ25hN7HZU0pGHyXMQuL3nFuqLaBD3/HR9xvOGd3w86JlUobvh2soNYttR3k8tP710Yd8YLNmKZEkom3Nc+6n1a39LQmv6asK6qynalH0PCoRRKG3/+zBk2qiQZTKvcvzMqdttZNZGbRfxaKmmXSatEb1r49/KyYcnqEsrHb1y3ZmW3nXuXsuc2+XEEUCmXSt8iqTfXT/Vyqs4mxwayys9sKi3v3KM2q5OKNDeTz7GjwDZAyaytNEGolly9x64HJKWVqpJJS7QkyKUE2+RLj2NHqzQp8lPKRanIAQIEKMsH0JJyoYVLgiQlRDkhhpWXziqXhHbgwgE0gSE9C3CTGYd0rlxnJZyEIx0ldeyw76c9L6M0AVYOEo5QBAVfJyR8sEW5EmHrpEg50kP8Kl9l4HnCc7IqAQ2XBcNmSQxtEzElfbIlO4IJsexqj3xNLgAwQzCzYCJWSSWUJUnYylGIccWsoEAZCWJNREoAZCmpAKkAMOJegX0owcySWTAALQFihSKqAdaARmvdCsVc43+NVlA4IB4JAADQKQCdASp9AH0APpFAmUklpCKhKJlsaLASCWQIcAGOzeSiCVTb259H7tm+i3bX+Zjzv/O633HeaP8bgh/9Q+iXy378/M+IWvL3/zJwabKD+1mHc1nyPahXST9A/9gG2YPxF39Uzovvf2NfDmRdjlvEvEnRpzfthAOzEe7AmO7Pi123/yowHKZOUqC/UfjWu8LCiY+x/uVqFC1dzBC11MZ+4VJg7KErdLwKttqp/8wW+Xv/8HFueyMIM+L85Bq7rh3/SitXZbc3P5jEx2H5EJyDCCW18Jjs+YNtzgl5Ct0Q4Q69VLFox/G2v229GYzuK4JOTeov57mjuovUaiPKmDbY84WeYojifu1RZEkqCqMEUvvrJJuDzru6l8v7Z4cG2FG6q1T6/G53HiyzU6OZkd71bDgdcUzOQqwixzlAvM9I+f3bKYz0e1z80v8zNA/hv7zJFtufXG2AAP7ZHwIRpvJWZWBZpKALbCDsHIXo39K/IsU1nQzDpx5DeoYImCbhfMv0JsXv4qLw0omdtdjmWLgGXj/K9jWhRythgWwBHaLz8OnfjPDETTMNJxGH7uB9fj+C/X06PLUJt3P9+RA3Mf6sTFYROMmxWt8TOEcDOyzLuuYjROOwtaCtQUUqirb6BG1fBmiDOdxGjB1b5LDkeZGNAL3Dhend8oL6GXRZ9zMhdKjUMi9lwjo0TmCRfsrwMk8bk/425OsVs6Uc2hOzu0CdgoMGLi+lAzldbuLMDj+SwJZ7Ml46CKoIHQsUTBdxKycBjPfacQDPweC1FhxudBiEDhAgUKRgmJ84nAE6e4UIEqzfDk3CnvLSW1ca1QE544Cdu7KGv4kOTC5zfiy7+nIT5i016I0ehtNFbRKvw1mi7kPfHlA7GQf4drOOIO87cz91va3ZfaEh407P56QleOdAbF0ddh3TSAOb/fKfgiMJBHYIIokz3NiS6MdFzNGhMHd00Jq7TEVSnQ5cwp70IH5EFb9O2EvNgJ39KDkXGQ+fOq3ocmbSYy/evDbn1gk627TVDCRi0fWRNJXkHiy1PD+ycHGJ3/NFP4AsOq1WCcQZehKUKYlfXM27EdfQkY7dj3T0ML6P3t0V92NOTm7HJE4FcInDsUuFFgpPb1Y1AdMzoAU2XW4yMW6GN/7Pv+UCIujansf/j/n0E/1/491zxLLRLEhSb3Sv+xGzDFl0zdZx5Rge9ztNnnDKV1bffnncoojJToaPHw75mKzpdmeaRnxexYB0uicdzqke/pQv3S1uU6tbqxVEErJxStxpbH2avlsf9CXMbnLsM7x6zFyQiv36ZOEbOClmkddquwK7GNeI3Wk0SIcGRs4UhMsSeKNiwuJeSwRJEBVJAXKTBSVjbkrteYCIMfnwmV9BJo8J6ioqGvfzC/NfDMf1DFWGyhU5SpeI3aWq1VFj60vRrJ6mN4L854YqfFJ0l0UkhBvWZ/mi18jBJQ8JjTJUbEoQqA12XtzfIgJ7JyBn1a0d94Vkr85TZ7jhuHlhhT+BOVu/DQj91Ybywax0CNaGfw41tU/V4XswAn534UhC1mz2v1DIna4qLwcTDbf+Gp+VHGLZEGKy383JqBGtV1/WJA+0jkGqnw01VXStnw3OtH+u/7azhx/UvlxpO6hrCsb8ZDu2QsJmcOg7ylpg2dq+um/W4wartW1ivIbZhwds543hXYj8fwNt/Q71IBj8q5HV2F2+4Q/b9HLID1ARXXfCEnYD8Ua2CoFiBnKbj/88EknxclZ4b5DCYOvynKtjuPwP5FZTCU+nt6W8FSrku9YhtiMg+JJ0jFMZEXfNbkDItJxje1JVJIT4TcMidSA0QcddP1eQZH2r/RGLHjsFxp7vuJGHd0KhXug6zzwMIl5e4bchull8JWHP/eeNfEy27AAicwW/6gdh20MkwhbqLhxt+1eBpfq5E7zvOlEVveDSo1EhZdMpTKj5S+pFV4beeXa1hsiFlkr6htwqGEzCmrkbtGsR4awRrdE7qn9sawOPRo5J4MWUpjkYMxH/SWkoWvDhjMXLSz+D1rwP29M15YU6zkTy8HFP9wHirHIgqN+2krj+yHNjqZiw730iZCKCG1ZHds15Pv9yrDNjgL58UBriHv1EpuycVvjv7bxp/etvvhUUYfHDyuiKMXBzHOXXB+KsiqWH8TGLrH231w71C8LSUyWuVug1niXKMrjpsGfqIsAdyoNfz7pCHu7OauliNRXsQhvgF/gOUnP6DPVL68wD9SXF6t+J2gdSCQs5ELUR8spHfo4HlZS529Ey99B5HORk3Sabtdoj9u/zhO0qlifDlNQphUMNzD8PM1K1TkahuRyox93/Pk//41b/8ZR//4uqXZvleeMy/C0SgJEg/J+fv/+wcw5TTQXS4Pby3fjz//jMe8h04JoUZoy5vvq9pGr9Rr2RzAoBuqNU66H9o8mRQVRffDogtmB95ZFTFeNJ/S8e7L+U2mRGJn81FjxW5PLjg/kOuQxBp9xb/8AHuBs80CL8AW42QGVE428xvvH2q7o5zTuLeDHlEj7boIxjuTsp9m8kffLLkQbRmVTuYIaDIcmGy0U2LuYwU2U/9JOLQ3kfEXI8tVt+sM5KW5NN5wt28a3qXVyIZKVDTV6PVuhXjdvzqUL8zsCH5ngz/JCilnOuefpPym9rzI/2QpFuWe4bryd+qmQ2Tzl3yvcKr2Y5IOYn+NwoprGaiBhZf9QLQ2L8eq1HWaeYeUW4WxOXpPgxkv9noalf/nNHQqkkV9zqIniBCESS7q6lv/VZuy4LD83N94NyZfGgXIdEcTErIDsSOwjO0kiN7opKEqX37IeQCS+7wcfsm7ya0FNn6i0Q/PPejoKwBZJFuniV6JRSTmnVisjYnO+A5OyZTXynd9fnPKSHACe1uj71EoveNJ1qvEbjDXhkkiVEeVUKR6p1Wc9U6y1FfmHWOaQEqTrmoWuGVwj+y5Q3L2vyAx8W1KpCCU9MXt+sOTW/FDfyB3Pth+Yyo7x14Nq+0FW0viLkA/Zic4i17aC4M7ukK0rb5oAbC2Vl8UIec0jXTfNuTWYTMv3dsxudFwkbZpHfQc1vWMyQpFm41kTC1BhChgegtA9j3Le3rswq90/ckv9QQ3eO5eRbE/QAAAA=",Erik,source.pdf,erik
7,ali@mail.com,1644137900419,ali@mail.com,1644243972242,4,true,40,"data:image/webp;base64,UklGRjgQAABXRUJQVlA4WAoAAAAQAAAAfAAAfAAAQUxQSCIHAAAB8Ib///m2///dns90TbN61nvv2bbtvWzbtm2/XrNt27a3V2e7WFe7TXK/nUjyZJ7n3u/jiIgJwP8jd7kcrdZjLger/Pu5Zs7lmVTm/8CxIt4sEnnVseK3kPzJqdRe+SSPRjlU392kMLuPI5WrvYKB8luEE9VcVkg/hbI53omGZ5Jy+k/yRmcHKreYFLn+UAFlbTXHUR/Mo1Dk8CxSlridps1lBorcJOn92uMsVVYw9OE8MusZR3GN9DKXpJBc9fAVMudO1TlcDxfJoW+D+Us+HnycvNlWcYxe13iywyShiAjlXL3Wl8ndDZyi0TGe6v1lISmSu4bi/0ztc4r+rYnOED3NVzR0QDIDL3feJjxWF32TyXGJTuD+mrcfrH9aguyvWGcffd9A6X6OnBjrAE+nF7/jfrEk2DxVeaCYNypDGX6JpT+UD3tNUkt/jsJXEuxnIGqElx+54BqeTb4fFebq7/DPj4W6jMHfAlBtF0+3ANSHrjHri8iwFjnGu6cJ0KRAhDySx3sBYFgm/wTgeiibBS9GhrHIT4rTGgLR44Vk4QPp7BgQ8SkzOwFQh15kwRdRYUt9IDvnFQDtrwYs7JueXT8ACf/65sUDUIafZ9br7jAQ1aRL905VdLU9xWnRAMYLyaLH+qbfqhEEQ9P4FAAo3ZNZ8GqEvZTKQyYev5WZlZm88qU6qpb4A76jtQG0TJb0XF5ueXf+icrBIr73nWoJAMrgU8x8R7XVQ+vyGdL37ysxoaJ+ZM5QFYga4eVHR+Vg4jMlOxODoeYB74QAqP2SmX2Xap9ui6jzYEsl2GuFxZ8CwMBc/9wqRznX9bZvdWwINDnLe1QEdjzH7Bft4nn8vF8Pj/ZTASi9r3FBFQAVNvB8m6rHOBJfc7YnFJ7NSWobBAPPMfV+1RZxXxfQwKtdFKDuaabWAYBXi/itWus4v8Zo+S1Cg/t77qkVBF2Tea2/HeJmltBIOd0cVecz80kAqH1aTtRS65zkq1jg+1jRgPKrSxdXCqIMPsULd1sv5jsavTRxQjGnlgcQPZpc/vZP83M5c+ip4megufUF+bRcANTByUy5W7WY+nGZYaXHKZsrAcCDWUKNvnm94rWgz+2iD4JAGXyTOa9EWEoZkkzjhSn9VQDVjlO7L3XHPQkaIj8tzurvCkDEU+lMfTbKSg2SaGbxmwAQ+XOZaCPpXd1ODYHy83itO4DE/h+OuETmvxNlnfJTxJTMPgDivyykgXL5flcI1NskZ9t2H3Uhx8vAgkV9okNF12ndtlGcatg9WTT3LwA/FYoR5OU+odD0ui8pjVqzR1QNEv3A8n9T0s8te6eqQZEHaXJ6y3LPihjElFpKhOoKqLyKupNfvvf93xbcZMjkR92GDPCZ5fuz63nqFA2cUxGAS1Xbr/JRtImwII/abzyhGBA7l6anHqOJxc8DgNr3MkmKJopQd05XA9pcN4+kGMfjVQGl1xUJICkaKKKLx9vqe8ZnPdFW+ISC+rsYOpTQ2NkeXdNpfR1cEeNaSq0SzEghWfSSqqPcbgsIxZSL1fuXaDJ7Z0UdFS9ZwOyygUtpYblTR/00C4hJXJxlFRGSs1zaGlpAdAlJ0VRGK8ux6tqa3bJeoDYLC8lbvbXVuGmWMIz6SXpf1ebea5Y/nAhJ/q4Nf5kkImEk6OIK2vrlmMVwu7uJtvglpogw7F7rqk0Z7jOD4WiQNri2meAPS8N0YGCaYSISjgbpcY82Skg/w++FtnpQeYsY5RcTxDZba+hS2pwQY8TPMDw+QhfQ87gBQoYjKX0BBqpN93h1+UWEYTilhxFA/Vl6REhTxDa7KxqDxrd1WFHs8TaMVd6kpYUU2jKtkUEJm61lW98It0EdrzvCtVYw+IkiJyj7Ekb/TieckmDY8vBxbZHXKN++KjD8SPi42HpUoUFrG8D4C4aIPdJ7e15LEQPyZ9aEiclGCO2ZPQSu3lv1nX8pDhaza94dACLv3JStJX/bW9Ew90L4yB2GwIq9v1t7Lu12emrSwvf7VFNhcpJFfGUWSOkWBIAS17BNizrlYcV1Frk+2gKXW4Wy8niLJDW9bN7BRDu847XGBs8jOaZ9Czv2S7fGl/CM8Jt0q60tqhy1xlCg6ma/Kb6RblsoX1niak1AabDGZ8aeGrBni9tWWBwNAHVmmnBzIGzq/ttnXuGTSgDw2U2jMgbDto2vmHezAYJH9jtQasi1Z1T74JVi06ZAY/zHSfrKNvSGneNnmpXVXwsiKj295FJ+qLLU42OHxym2wn9vmrSioiYAnhYP/LX1YlbW7YOz3+1ZE/YfnGZKaTcYqniiIxAm3e+UmOCd5TImrHp+LDFuXQ2Ef893OQYVz6sLJ/Q8k25I2vsV4JD1/0kWPanT/wPn9HT4dk9aTpk/QMpyr47vEQ1njWww4N0/pixbtnzih0OqwomVcu6YmBi3C/+THVZQOCDwCAAAkCkAnQEqfQB9AD6RPptJJaMioSyUeqiwEglsCHABkfaAuvzA/Lec1X38V+KeLANn3QeYeo75gHOt8w3m8+j/0AP5n/iOsj9BPy2/3W+Db+wf9H9weEA4UzqOdJt8eQYY1R/65lVj90j6xkRMa+5Bx9z5ORPaU1hdukcxR+q9BFVp26gRh+LCfXuxHALRt8jA8+uJVQbDG/rLxTdx6teFT3XIPcIVRHgz+lNKRmTW2CGrPW7VqIlo9tyixxy6iA7NSW33y6Vw1WJYblKgdRFGJh6qXX1kaXCnOLPDCHnUUqq9ew91AUZPGG42e+cfgRTI0xlszUOrb2ZQvkpIbDmLVWsHUHSTt99WJ0fI42VV0G8Ytkaw1uzWgGL54E/7yErfOJ/OYEYHZuEgZ2/t6dIzLwcr4KkYENvz/n45gLzToBluFrPadHI5MyFdcBfBY/YBMl8ATvAA/tkfAZf2/GYbfacACc+asu7p2HhWY7vP19Sn5fMDuy8aNp21DTlQzFH0WZZ1mZWN6V+noIafOESZMzb60wlXI8vRN2SJo5glYquMPncRsyOrmhfVdT4MAZM+/mG4jOptM99+Aql+gOlX/gLkfZV9PkJoKc0ZfVKSQ0LrZUTd584OtaDo8Aiv2DLJfYKZvavdKHJO79N1alKXUftMXKXwKKYCPrQOJJH5Afl/3+NDOKj7L0cH+mlrd0rJgR8riU0PNrdH4u1CVUf7ATv1gD1thgaT+Yul4BTyAg2pZsHHixuh283gTL2XI65xkOethSEfKiLqIi4Cfe1PTi+k63KKOqpLe3uzHZNz4Tr4XFAthJfSSjmrV5pNZLm6i2N0dsefqV+elsg/1KKb01J1sQSQENo84/X6fT3mJ/UJoqFo4pFaNCoU8+zCpjznkyfVot1GsSFOQnowxjC4dYVdiodu9rgkwh5AkDJcvOaukHyXvvt8P5PrFboFxA5DBOvxXzKc2r33r8H4owPrbCbnHOsEC7+vuQZsGzHUovK2tGX/4Ams7LFKwypXIQlI+x3WTveu7Zf3crXEYIdlcBYKlolGye7mDlG3g/KIN0GatxFYQJnUeD4Ixct96K12jTQSYiRc2k0vdkm7F0NJjBrY84aiHLRPLGujWzdhyIwUVquJp3ryCGE609gYtel4eQqkKY32HGL9ib9LO5kEYc/kYPxQQpVQVs2ftCrDiphCbyJjAjmCjzEpXyZg5rGSO4mTsYD+LNK8VzbS7GtF83su1cD63lP/oLYHVtSiHyJvAnLGbiTX+OXWcmUvmP1kuzQgERyV3n5u2QE5g60a2dZVxewEMEkLcO43EI8cz/xoXBMx4PbUwEkHRXbYxl40G5h20mCzKe3DLhyeU9NP4Ocr6x2/GfOzVvl0fq2PfjfVywwYkMGeiX7lYNrVJf38J4UuucTl+0qzQP8nUnrlrO+OjCcsR9uSxWqwOsLygriWi6DdvzIInXPM4Ccn3tbtI4mS9xmHJrSPKSghzE5vc+Lqzc5Dhr4onxuDnnFbOUNX5ro7UOUy391FZYLNpq5jTvEdwr6AthAkDiwVtPow3j/9I16ysmkwHVc62PMm4hpafAXDvUJXvskv2tCjfDjFUCSHSzrLDoWQniFmkbinxf+FAsUKaYz6emKMwlrWu5xW7t2gXAPXg0Kx4ylB5JbquNWG69hbhciFgKx9I8xs3wwtzKzEPGC5gkWSvW55Of8Z6Kd+flIYoh+9diDvltAzcxqrALIeVy0Es2mQ3N6KJQILmMwdqMQiXY0hxxi2IYZq/9f844/0od/Db/Lk6rsLYk1f+60QwzMM6MV2HdzOZLTSAOq4TAg7DWQ0r0/weOnlhSN3fVgaLPzUBD3hEDtzpTsyG+4CK6L/wTBzAf6vjh9rgIxg+HmC+caarwWoLnWgHGS/u4vuJ4+1EVNABj1A1hJt3zyggmci7V4XlwrkDr0b+D55xf6Vsp2l9LVY3z6BF//ymg5+rK8u0PXJoMPO6hu8PcSheaDjDYclho7UCUTotTEaajUISynS1KByIzB54gpOkcwPV5IYDcA9p8/Xm65PPj9UDCGGih5+k8TPB5QBG9z6HSsv74E4Cg7Ub7SUvU+UU4p9nJKu7bvUZZPvZZsLba8KEeWgYNWcSYJCpUTkf0BW73+ljLQ2ja6Q6ws0RQFdRRxep/0A/LSAk2AcO8tcsd2EnzmnvJYzoShYODm7r0ekAQb7MF3TqrelE+aPsQzfEjPWuxM/oULzjpty+LZaT/FkoOvhWyY9vsKG3eCSettjM3tDKk3UKQ0o/7SGEFFRjG9xDtjt3vFrBy27fWhIaCb//0WoTgvJMFevu/d22WVqLNyFCI8OfPLkJ4ev7fr/kR6YUtjTbvIXNtLB8JVIG8fMKPeMOVegWn+Hb+XhtiTjVJJ/z1na3Wc/xkvWH7Y8UmH3bsO4sE9qqeMdVTKccPI3PO2S3oQus2bLT8SY2r24RWaLAqB0wiBD0s24uWO1T7qJAPmg8h5lyW2P2Ezesbx5XxhNFXZB0rmif0SzjGv1WCN2aMM51vPGGvXsXRTj7E1E3mqI3rjSaeWH8RyTJXP8OoCNm427t25rE3fO7oD/SXx+EVQ9x0QDDmh78TLWs+M7LEUpgIXVyh/mLNobE0O62S4A3jMX0aRyJLOEUp4oRJKmRoEq27J6MJIDwWkv8EunSgNc4S9Y6a/5dEy1+VjgJXF2wNSeffYOn1LP5Z99AMwztcXttnLbUh3CWQ8ahvVAzeBrkzKGglrEraXwQq5LaFrx3rGyoUk31ZX/GhCtkje9PCQPCiIEfMaXjjKJqwbF5cay3SMZ95IQc0CsR0fzirpx5eGIcsLRKVfFyPxMWBdHTxvHMrtu4AQ26XaKD0FvtQcWO9T9wj3qzVAfLW1cv70bJvWv5DEUYf7nOL69Bn9vu8NdDQiGba+RyV64xz8/O3bzHY1t0q7PA/q4PxeUo+65mJ4onXUiwVrpHu1WV46xtjjHArh8yp4C6IOVE1UEsC/tAKcHKmISVWlYoQgt8GPIMG8JJPGcBa5c98y9O2KpOWdAAAAAAAA=",Kiraz,source.pdf,kiraz
8,buse@mail.com,1644271737484,buse@mail.com,1644763641226,4,true,34,"data:image/webp;base64,UklGRlILAABXRUJQVlA4WAoAAAAQAAAAfAAAfAAAQUxQSOsEAAABoEXbtilJOoG0O5Jl27Zt27Zt27Zt27aRVhmdRujd04h4cfHeZ/eIiAmA/9J3qzVr4cLRrYI50OpdG7UcNXBiA283jVYpsm1MREQ03++SjVXwyAXrk9KtiJmXtncbW1oRXEeHWtB2xo1SOhYeVW6aJAltS+nmdwcHBWlFK7zUhDKll7md6eXf/RUdTrpTxlkow4hP6OCrWnpaIeeQasKDtrm1omgrn0xHR62P/CgFLDPRQZL6erLBSQh9my9Ic231YC0F140S0k95NsBNhMGfkaol4UWTxjUCDTp5hifINPV9Ix1v2brGIvUfqb+uLx8eKKtkIhvE8K586eu+RpYEETGijo+M+sh+ahaO9L1jTOzw25XqOlvaRhwYdxi40Q/8grQlG/bjO+j+5dn7EQdoXBrCifuiZKRNiDwSMShHzux1Z99+Hm7kAI0L3Phol470UL4U/+bZiyeRmzrlLfeWB4wdwUWul8gjQUSUJFxf0BMAPI9IPCBOdmbnssrMhf2IxUEaAMizI5WLDxWZ6QehXUIID2h9XBUAwLPPWwsHeNKTVdEwe/zeCAQA0OVYkcJB+gRPRrMs/GVs9IB/uw+OYofpnZloGiShiIVtAOQ/zw4PebHwOy8JMdHFFgRt/sEssT+L+lYU8ls9O6Cred7ECC8y0MxGMcl8rR3QeLW+k8QmwoNejmeCYGgJewCa4F5fmTwF+l2TRTGO1tlzK9x+RZQDxFbCp+i73/B2VXqaU0QUfBZowz13x5MRSeioncd9SgbX3lYd6Icko7DW+gDg0ujgN2T5ebIbMO1KxMEDXl69HiYhY+MGLyYzUODQGuvSkH1k5yHV6BkuiMTvu5LUSkSrgTm8lZ5Sj0w1QPKlj55Of7MqICZfHuyvYohp10PUDHG3j2OTLSqS1kfj0AlUYIKIhAqGFlA8QpChdD1E2QhBxgtdHNgsKQkhErL+s50Dg80KQoiVMMP3XvL6KwkS5LGvvEqflASRcHDZIKtorEIQGwQ5/FZNVsg9ZSDI8RRZPqeVgeu77nK0k1UnoYocKGxWG+MgjRx9mNpIi/RyYLRZZfD+H7IKv1Wb0EBZ0CtTZX4VkWe4IKkLNpOnqRKrMgvkAfQ1qstKRwxrLKqywhFw225UACIO+AxIEI/j2Y6Bc/tX6tGIAoB7yzCV+JqfCkDzTxxIN7+I9yGAkq5VFLtLBVdbhTvjRQl0bSMYfd0bqKmXJJp5so4WQIO3iIRa/PoaXgCBH0T7VQoYekz9SCnj5sgAsDlCtBtOLMC5+K4XiVZ5pvSI6ytbBYDd2oliWUYBa9eas3ff+pVy5+7H37/D3+8e0zWXFuR6HxHrTR5mADpX30Jl/fyy5ssXFOCq1YCDw8Ra5soB4/wpIqUUA+FfCmTdBOI3jBTneWEF0HXNFCW9DSih9yGrGNZV7oqgyf1IjMiCoJA14kT41AaU0nlgBn+mtnrFABidwJtloxMoqPPQVM5OZQVFdd9g4epuNlDY7Pcljp7nB8UtfJifV9VAgbO/kTh5VhEUOdeMJA6kmIV5NMoELuOT2X2spAXlrnKB1b48oOSaoEVxEj1z9HQfUPriG37RiphUGFTQNX/T82GJxBFzzIYyOlBJvwLNV4TKMl0YW0oPquqRu/ve05GRkZF39+5sBSqs9w0sVKhw4ay+vs5q9D8eAQBWUDggQAYAABAjAJ0BKn0AfQA+kT6YR6WjoqEvFVwAsBIJZADVee9fHnbmh4tXeMI/irzRBydvnzxenFb08WB9vXfMpZFiBQICLTvX0FpvyoEH4ho7z7OV7he3jjOkJTeLFCxJh5NDoVBQ0AFjeqpqoBDFXsOcl8L8TmMv6PjsNk6fajKOMleyg1//PhlUgXtUBOp092YjzSBR3cpN65WU7cAW5gBY1/YluJGzGmbgh4VGuPGEGfz3sxOiRDnusdZu/Md2zIExkbjltOlc9zuV2mq+MnRGeGEaIYrF+Nv9MAxX9zPt0c3rBtkQfbYB00Qc/4COsehqaCyKU0Oxapg8SBj0m4UK/bhnctN6YdSoVwbQ8bkNKgySOHaoaTejyT/JctGjhorVQ0AA/vxc0AML//gCmLTkqjksIYPid2vU5s3/k5WqXjwzQ7fSX8CTBlxJaVAJ6cnBbi4LuE4oP9pGxM9zfv6AnVT9JEMxDGOzFpx5r5cgGX4Hg7SpDv9DUqGXTDF7+soMCxwfZVXLFn+y0s35G2BjGOWltRLSerNfQErpgIk1HiWbUGZO2Z5YXqpZx6/bqZjG01slYYnumu0FnSqPPP8UPxuysMMHW3eWnZHcctcj+hDcB7lyF/3n7f4Zi/auwxevcd0jqO7ZU4zWzBPx5ebipjcOoBfWTeYtZYvMo0ReVf3gwN+UZGD/YUq2wANIbP9giBSkIOBP0SHTpQg0XUTQhM6n2w+eHtMWipPHXTWkBLCGoLM7y7najh+PghRSiSy7gWuo2838Z6FgEqhgcXiT505pmZbsgWvsVvkytz/8EKWSEBUHyVSgBKED9NVc1swFPh5Cg3W+JXbNnRUv/QP+0Hc1ncMdWF88M2WsU/vgZMfcetFdXu/CJFIVcLVnJEDURAVhy2B5Dkq6U5ysCQn4eahvoIG6VCIzsDHl7jNbONgkupAZUvB/ovsFSihLzzm1hFXlLVzDE47G80Xqdnt5YVlHgh8DsPPlTzLNr/HX4yfk7i51uvo+Ck/Sqzz1tWTqwKWyDOKWBJ3lyt3MVCpqko54VOGH4PgsnKJBS/inJuAXkKe3vw54AY4MgoWOuMLUH/ecNKWYktLS12CcVOIDLPuIvHTfh+MJqDM5qKxNAPIKDGnOZ/mlj5SnUb6tT1qrVgS20jpUdXbJvGbMfGT9m/PujZxf80LAB8cgWOh/XT+DQngGCnjxFI4FVDsiZtJfmDOnFBXWGmmzVrQgTAF13jPXM/3L1RCCWBwLu+G1tKnVN2Q15lII8zWaaZ/diQ7Rp6uh5vdZCdWY1Rd4LB5RMpYiIDCgQDdEWW5gvvH8jQXSfKUldAtDMJ7NFM5OjootKwd0ts7NL3mqqWN07BWHsY7LuZlwtsx+eTNfUZuqHyYCgcz4bf6wQz5gvALMz0ryRmOYvgbygzfJbTifK2r2xBw7T66EHFgrMNUjoqqiVHjA/+uC3IJypQ9l540xJvO1zJBljLMUnsu6wp6fJnuqliQx3SshOYkFQ8xt80o3eD69+sf+k7FPUEdOI6oHWmV2nau11CvWJ38IoABi4dh7LwLh+tnW7xASSAkoaD3V9z7CfmipniUnAR1w09Eh62carQYWyPbnafBcTxW8NxSZSUyMBqTZfMKF7ItAyUWBwFiLkbF3P6ImPPq96aL8WnfIlIFKzYj+MguShpuYISVPg9GCZOiwPoDU5dK45mnroL1Fqg+URVwJ8uh679Si62RUefMfzPiGKf5aX3/capiOOhuX7cY8OO/krLBBatRnL7ByqZT57Gh5W44DZJYemfl8SKLXsXq46eiQUNVZks9pgYYZz/7JZehbZOJhQDnVf+i1cFNLZOG3rt9Ebihk83qp/kDwTwUbs64BGJ3p9mV0SPYwu6uYjTJQrUPqheyc291qjK9LrMWYHlrnXA1J/fSRPJ4NxO+Gq7zeeknkVqRTWFmX7HE+LIUJGZKwcic3DBQHH/xhqhyBzZtGUf1WPMi5sspPe8Yukvp6Um5BKF6BOxUAj2pA1N91kp2GMT93ngZhN1fDnl2RxLBFnI6CiQsUzVyOxmubhMwCi5n2xIBRNzFTO+mLpIc1WrrDnbzTRaWdWP/rdoz4kq5zfeSkGjDLCf408So5qD/GBQHZQAAAAAA=",Kayısı,source.pdf,kayisi
40,buse@mail.com,1644423326485,buse@mail.com,1644428047289,6,true,58,"",Çikolatalı Gofret,source.pdf,cikolatali-gofret
41,buse@mail.com,1644427294077,buse@mail.com,1644763724892,6,true,44,"",Antep Fıstığı,source.pdf,antep-fistigi
42,buse@mail.com,1644427585093,buse@mail.com,1644427585093,1,true,25,"",Domates,source.pdf,domates
44,buse@mail.com,1644749653180,buse@mail.com,1644763652375,5,true,96,"data:image/webp;base64,UklGRtoKAABXRUJQVlA4WAoAAAAQAAAAfAAAfAAAQUxQSCgEAAABkAVJsmlb61z72bZt27Zt27Zt27Zt27b9rs/p/rg4e83e7/tFxASo/xB1cfXwcv1nJazTafSkliVSuf57XLO22/Hud1Bo2N8fHzaUTexmKpck9ft3a1Qxcwo58frfdzCaPy609TdN4nZ7n4EAAdw7uKpTQg99Mfq/pbPhe9Kbw6/15WBGFwi8vrBxZhcjXFLE9LBFsCVeE0wDr5R3N0G8GUF0GsSDfEb4XToxPXOEDBcdNPRzDy9prjlvhNNQvBibyDnvB3TMUEplPE6jf472ElbiFg3H1tROqQXkPqXUZrthDGrjIsml3HfqvFnAJRq+cTyUqomQDkpVpM4fhQXZCtyDFvvt6lVGT5k3b17hnlO3X9wxbvBEvCuXKsNBLbyYS066C9QMwAGSgCMQjPTXh7fUfCWTkPIzr9m1gAABggAcDgAgSVD7tTwiPK9TMiKNIPFEUhH7RQk/nkhAgsfWZZ/lp6/Id+viz6baPOfDwngvhq54d2jpLXXVprXvj6HHe7HFvcypJ8ENp2AYQJAQx6F6ktxySidoysdxtGR8LIiEGX5X0ZLmQfQAHSBosEMPt/jqiH89ehpBnREQAueCX4xr3rpn37JuOvwuioCmaANAZF+OdEyr9HufkwGKBQgS8ytliOGiBLpuFUEAEUBIIBlYQkldIIMEQJkAiafZxbSTQkSUEBHhE8VkgxTBIHBZTMyTFsTv1cS4DrcbBdOQfJdDjMr1xXogyf2AUYRp4LifTo6qGmg9l5MJin/IKPMC+2MIUqUtxzHPTZKaFm4tZEclOv0DwlpKioqz4gctFcgtqdAFWixeJBSU6Sqt9kcDJTfGERoO0xwPEFQvzDiSMIW9g5Lrd5jGgyRhgmtxBeV/o4EgSEJaUFc3Qb3DdUQJYfcSK7F+PakTUQgP7aCk2pIt/qPFWUjZnURKwib3aL1huZRE75SlZzz+S+EA9IXOcNHmmbLc8I03/lI+4NB3JYnS6pFj2umXdlr27+pKq0fXF3QaokAQ0PC3l48Wj26BNLeDhJaVvkqnV/dAmhyEA4Rhm5Iqnd5Df9LSdydQGmM1vk5Lf9srQGlMNuXJt2BY15/9RTyVTt8UqQs0n3Tg+LETp06+tpzQQzV8lEDXgJgxYsZMuN1i8GVWQiU471drCdxV2U8Jdh0SbgTMEvz+aH43JTrxFcAA0c8vf/j06dOnb5/fnjvQOFdcJdtrEk2GNK7JM2TIkCF/lvjKhJlv2mms4931y98lhM1WpvYv12PGuquX77z4+D0oJMROEgz5cmlBv4LxY9a/LGBvcnNFN0aMGLFTZ8hbsGDB5G4qcu+m5zWFrkiurNwlZftDH0KNcvy62SOWsnrXNF3mX/jk3Nv7OyZX8lf/QptH7OT5a3ccMGP5pk2b1i8f1691s4KJ4vu5q//oBFZQOCCMBgAAsCIAnQEqfQB9AD6RPplIpaOioS0WKyiwEgliANJuLN6eaVL15vhNKj86MaLbzeY7zkfSx/mN9x9Cvpdf8LgKvWb8P/JsHmOLO3l0aaRnrea+hX+syKcjZyxi1XQP11HJqJPQYbhBWRgKhfY0TS0SdId+3B52+8splqKZCHoJL7jG7vnrNzahPP0UeQQnM1fBwfrvVay31BIeQiIHrCNi1vfJ68X8vL4ZKWvxmoaMG0I2mQIDX/rZZC+/o8nf/IeEeriJOGKxdRfaFh2Ds/4iRmIB+1iVSoROf+DIkneaKVr+wkHNCt3kG23xnY1PuFfi3I4WSwXidgvDAn4vIzcCEEcqw1odpdViZzbGl3A9jmzKyS4bfrowlb1aTsisAAD+/FzQAAE788cLFEnYqRiZkgL0HPzdYIMXs2j5MrNFKHQc4UPn/IfXbOZ4aYSQShcBR7mSKnT72Q3KbJjZCRfrfoRBOqAfUG1iLMb9cYt4y62NUumVRW0WoBNWWQeMbBIIL6KcDFdFQTSXbbRomIXfF0GtIuGe4uLOpKuvO1Xrr5qqGr/SztLlbdnbwwvOStNDZ31WyJ/Sm3F8HeRza+v5WbdeyS7HU6/Ux7QV18A5zxTRNShAc0xaoK74hizDNV+D8T4F39w/MqnxLAD75KvDBcs6mje8ncOyd15Ta5NptpOIw4009o2fhZQMgFG571Ff6Ie2mDgJH7S5I0m+ygL2wutaU43WuYBpUPvVJIwVZnNz6T+aAyFCrQOOtSfMbAQF5FDk1RQgKhmvdWhH2pZXyEo6f3UmKLcOI3BkRZmfcaZqsHg/auAmZTVjDlITCPzfdbXJ93Cuth1rsVUr7la3/g4Ggg/jgYN3JpGgWOZB1tB+D2AjjadtbxIghu4VqN36vApjdjJQdCLnNqA0KWZSKA++cCSmFNWXvgV+jYcMyzY8WT5EMWFnjVvQq/iW+GqwmWlouqOA5TInv3P93TjaYYdlULDpGEE18bd1OvyWcPdQ6LvLYBKfDlw9QdMOfmHkeBUFFMEz1RT7/GgK4xJJCRJPe+ItnahkG6vFpAgBI9kGJe+7oi6IP6k2BKAy7V5sBwOioVP9f8b7XQ4DtShDXpSk4GIbvFLTXL+3ZOhCPWAHsbR04vXTcmOR5dkzshj5aLwfBDyB+v/NianX6VUdfW4/Jr1pMomZcXe/O4en55a6fxfC36UD8Bab+itHaePUPe8ROAQgWxoIVz/Z44WeBIVXtLDtdf3RTWRAwb2oRbgVhCuJg1bpCJmNBzN6EYCjlvf+iijy6YcVxjK/Z8jewmjLUgLM+WhXzjUlSYIB0hwcXsm9k6fESsh9b9H903qrANl9Oi1sEOJNSIgwfhubq2RKMCRcBXWDzE/IFfqURVkxPpmRGn/8auDq5LmEiT2tFf2XpRY2Wr/1+D428C42cur6/a3aQnbo5R3GFuceYBGkpffkfMZzKwFT2Zv6QVSUau0JMDJddLQMDNAylLQSkGkZvoeKPYPKXLXBM4FFNM+FE6d5G0e8sLR18j08+BjlEcTe+mJT9/C2RLjoj0wkYML/vkUaKActk8ksWaaDb5916rGZi7UtRYDc9okSLDATfZ6ZEcDpVWJHJKyeWdXybfZBT6xBEALUMABxWrj2dNvWScpKP9hSRCZkyZ1pTcARn2Lxppw5eigKjcjPnzIj1PWpUvTXz9yUFRU0CwmMyaOofSlomDyaFhue+XuEg5quN8SGFDTVx/oXQP077W9pt6wFtN4A7M+CxeXk82gr0cOHb438n2TLQpPZ0disOpTLdMnSUT4EL/d9Zu1pz95u0yCSgOHgBfp9yAbjkNb9YwQ4l//jC/Tj3LRHrr1DX7QKMcjLVb9hyOei5oNEr6iPhx/Xq2SmT5BUeKLnNpKrC22ovJ/Yv4/nlo17w9hhBn+eEfl/+2//1fBiP5fmXPEY0qkWgfOxx81zrCufkVYKWRSoIxiQ8kpdMIUfLFOd70ALFP7VGOADpEMDwKYOUsaMCHnXTZhy+tlNopdp2hVpkz+smi+lXDsa39DMAiVx9rW29wsKnSVT/S8ZG5ioz2fdQSb/iczyalhchda4y1+/DEmrE4tODEUqeJxIf8kLPPpRPmRVvdUAGYcuYIWturEk4iCb78R+AUXHuFY/DxzI598tYnQRS3LFQJjWKMpH9SrWrVT+uGUqFZd6IcAxaEKAFdSa5cC7FWdHn6MXzfshorNSyyMMPV3wAAAAAAA=",Tost Ekmeği,fghjklkjhgfdsa,tost-ekmegi
77,murat@mail.com,1644933726826,buse@mail.com,1644935146885,6,true,41,"data:image/webp;base64,UklGRvwNAABXRUJQVlA4WAoAAAAQAAAAfAAAfAAAQUxQSEcEAAABoIVteyFJS1W1e8z9ObY9s7Zt27Zt27Zt27a9O5etRnUnB4tKpZPTvSJiAsAftvOC6t+4/wRO4Bik9Gs2eMa5R2eHt5zQKcnLUSswQuXpV7HDtO0PStBvWjJf3r95dM/mGaN6d2pZKzrUz9s7sHJFJwA85w8NV1GCU+rdg1qMWX/1ZVqhBeEVTSUFuWmf3r149vx1etoCd9DdVPJkdn1vOyVnQzwAgr1v2U5T991PNSCCDev16xBCqPjF/kkdyvm72dmCrsaiNZOX7738LbdURKSbp1z6ASFoLsl9e27r+HYJgf4V+yZx5AjjU5ENF2T+7Jdi7ru7d17ndiJHNx7R91sgILbiVwqlRZDC/XsQUfiNLyF88i2RRo/+IiTiKpIVwt+AZOVVI4J3vYXobOjlqBfk+3++SAC0jcMHDi9uYieTw5JSRPOCRY5ycJ4LihHdTRPUMjhMKkK0T6uBz36tEdH/jAqX23QDIhLigCSlhWNyXlSESIQQ4YYIQoQQhFAmiIePOW5ATHznhCX2BiIRUsCwgMdhfwsRYrW5dW4AI9fKQobtw1fxAKd+PWKj8WhFLM6HZYLUsNwpL+Cw2yAT4VAO8fEoJxx8F3pAJK/x4lY1BhCajg+SJv9lFx6D6318RMIfICnGE2WlhR402xTht6Kl1XiEWGk+X1shrfp5ZmTVBRhnWJlROhwD3/4uM8Sjf3GSBLvxP4EMQOJSvSTAVy7+gYWml/UUGFJKWbHJG2DkQ/NYsViHQ3CaVciIb0Nx8J4TWYEu/Y9B2TQdsdJcHYf/RWagFgppnH4vZEYvXpoycKmZEeIdTyC95utiyAjDBA5Ds3xEbygBPfWUxEVve1xKL8n5fpL4qBrBz1lRMl8h6cfBhYxIrcdjaZDOCHG3gEPZO4cR+cMBRkXHDMRIw04HDJzvLcgIZJjmIA1oRhSwAt3xxQAa57LCUF7Asc5KFyhDcRInTShfgJiZNtROUsxtxE6YM1QlpcJDllg26qRoljLEetaPk8L3ZEhJeyBVETPKyA64Uy1Fe6gYMuSzrxTQ/ugDKyus+Yu0kpT2G0VGmK/WtQMYY7bks+FhBMDLV8xhwklnTCCJBeLXPjyu8EzqwYeLUtQAt93Ch6kmmllutPPQABl1/1WY8NBKr6cRQH67zs8pVXo5DJCoqJRDHVia9+lwLy+OCAD6faBM1tZuFb20gFhl5MiNZ97kWChhOFRZxwPCNW5BTVZ/pYHp1VhPYKOhWzOstlP08f6ZHSv7J7kA23WoOX3Nkeuv0wpMkCyx4Ov2jlH/u9hreGDjvFLnEVZn2MZHhQSY8989f/Dg2umNE+sGKAFNBW2ZapO2n7pyeOfOnXsvvs0y/GDJSf309s271Jy8vIzPD3aObRnt5e7q6uygEThAX07j6uGoVqsd3EPqTTr1/NGB2U3KRgcHhaY0aN68SoyXHQfYqbaz04I/hwUAVlA4II4JAADwKgCdASp9AH0APpE8mUiloyKhKxdMMLASCWMA0m4uXN9mAL7znL/gdbhDnrtNw3nrAAP5X+AHcb8HfMiDvQXjT+fPQCxH7Rg19WQoAfn30mdDr157B3S29Br9nG5Id0kz9diUBY+TFlK2jdgS3fYw6oxTXQBT1PbVcgKZAmv/fTHAj37dig4C2dT95XRgDqK2mMRFK5BphSIiFarN+f0ei8z/CwLizKgCN+j/8IAzSKRW5ik7wZwuDRW/+sPxwd0IgbLFJhdYzSmTp/qWHOFQV5EAuGzdnOXOoh2dx6ORsA1ajA3f2aiR13nADKMs4Zb1zEo82f/OU/6ShJDMowBQ5vyrJytkZ1DqZAsJlUDBtRpB3yHPjK7NbXWb3dYEdlUOUiFPML8IhSSedyhlTnxYMGZjd4T6tQbUaLj8EZ/7Rc4TN+QRDqXUr8wbml4fZ5GjP/dHVWsZOJsRBo15YPZQAP79bkgAAi0JsHfis7PVnt2Q/Qhw6bdYEDbuzhadqVQFLKQXfoDiVKOJR3nCeeWifuUKY1DJJwdt+zhZ467mW58EC5cXDH4ZSQID1QmGI5Xg2Ar1/E7+pAQqN2jL40Mt1JZWY5VIhEllGbNuUFjJs6fjPpnedlmaJUm3K6IjUcU9WTXBxY8MxD9BbjUm+CSJttSvBjgKJutk0jrGul8JItXkzHbjJiZoTUPiBabmE+F3cDHEvnF+b5nuGfbAN3uASBA2y2z3b0PhhnCSeZ8O8AoQnxFYRz0fFXWcUjAEUNqjuvytKgH1ZqZYG8eDiVG+y2pNUdAeD0e8ycVgEzUfQ9cgjNrDtt5qhuX4lZXv/22Exf1ZkEv2RYiRcxjVijQUa1s8C6VcLC2HGrqYqCG+ayQ6ndkjIeEVHMjYfc9radr5WA9Nr3YkvV/cWr6Z8HIT6fuWrrJJ9xliuhRfwXHaIbU1ck737G2nBVk5Jv6y4CecusIFhE2AlVcBXIPOnQ3PtwQJHNC2kfrmenA7a4S1dFSVtx/iZYx8tcHJu3nlmGQBYCXkDh79uJep05fcjG772o3+P7wCgfwmk9e/8Vf/fNcxvJCMsB9nAqXe6coNTSpzFy/fMT6as9ZeXsnECz1IChfh9LJKXpwLggbhzVRDWKtOTOcIv/LKEoY8WJzRtqfwk65L79Jm/1qtApVhKG6FLhnDR+q9x3B6YRnAfM5WJ/xRIjEoNmsaCelPNyTJhg+liMgFPlQ1baPch1H1q3UX/HkH/fCotphc0KTFiT8nrNyFclgvHKPv4PWkgsH+9m9sWA+Dlu6g6pM2WEtZOaUZn6zO1WUEiGxdiXFYtANzUf7pjmbrDYQyRoeqivP8u+IljjGUctY7dNGAGgt835yyFB4cK89CMk981QLcNQPIYi3HSw3spTc174FAiLvuaHVUMAqIlpHVodCCu4ElJ8lmHAv+iz9OLSzsXklFoJF27UkFrSgMelgKb/prBAaUi7MkIKoJ3ZCTC7VY4e5Ma4yyfTuJZ4g/AVGj0kiTYk6+pz5rGgwe0AJSTN4iYZJdB6z6W1rCTrv/ZtjuMQLKHE6Gh9WkNtvPgTbmwIgJ0guhc6J4CsMbLceMKa+W/D0N9nXZsL0z0107ehYZGKPihX2n8c7sRf0dpvH45MQAJ+gd0KR0rEIFRduyHBTNpxWb7m0oZ3ftCcmsBWQcjz10AHa0fSYvacqb/OzSHIext184jFjtp/RGGqRpda+qqCK2X4ZhQxTPkGjDygr2zTmGBCgduXsNG7Z+SFOlCmVHuxGV+7Lx2mQ8HY/hpdFNz78vEhciqemmLpbKxffWaWOaIFp3cgvAF8Xm3ZHp4stSEcUwv1OcpCZuvm21r3Em14DOm76otHEGKcuvcLaPupKnihOQ52m6Nx/ir0r7mZCPNlugCNk5WhRD2J4oGNw0ZxJc8+0/Q38roRZlyP84ZX3eyUwIxrLsHLRtabUxxhKlx3s76VgzyQmzucC5k5LpjGLdAwukmmAJK+YCtRAy0RVIx7g68zqX+YfoQqNHKqnlLZVtrLZYjdPsqC3K+qTp1g+3b9RjK3QHyAzvO8Vut87NwPjVfRdHPmTMUirX175Nlsy8/vLp3uQ6jiELiKypEy9axkx2ikd8eQo79Uh16sh5zPXLfdO7TnZb6CcxE+AuTx6fsI5MQ3B231Q7j7zK1vvFzJDpelZzCSiqyadGVwIdbe6MQpyk896X+3i7aPepV3D811SNzdFg4w7Hz6OBtGrlC7+UAKsV8ubNyifxB6XtVPrxTgJwbhNmfpxLPzICeMLFl7W7yivjKl0gbs6ynrWrPi7adkhWx1f34VySqaXmJ9FNkUO8saPtAO6BvIGQwFGKNgPjW2ArLQArugKckP0vLkgc/X9c7Kf1YxhcdwVjbOTCk6bl+w3nmCDGK/03px1xKdikWY+GxRaePVv0+80nxlUrzWodS9pkSrm6pvR2mVtH1Uy7rBDr+zBcOQDiG6BYqwIEV3fc9InI7/mDXBa1gbFjVPXljhwBF5QI5+lO/amXJS3BjOh1dU+rIeNLNcW7SEwLcFMKXtoUf2cvYmuGd9N5LLOzVGXlt7adaydts+r7hpFPsKuMnNnecXJ66MXaxZ/aK57kDOBDalAF5PqMAIe9KSVgYNMUVBtDstPetiNL3lIuAam4y3Q2og5+yy2AkJT1+p/ZL2bxbJz4K+eUG2OrsezJtrmlHmTvDWn+ducS9a2AjqpquFyIphoCvYH3tbwI9OFa6FsF0XidsFA+2fEywNUYktdJRgryqrVu6eRPCU58jqKGRLqT8k4p65GWO1pfD1zWdar+BjE2ex4/k+mwyVv/VktzAz7+OplThjq0y/d5SeRhZFlvDStkjstoBgv2QhLkkoULwty3GGflyDPR68Iy64ezmfVifRuo+pU7RdGenpjaXMYs0v6uYT+aH0bJx9Uy4kjmzZM7U6wQV1FW6gwgCM4sDr6HEove0euaFZ1CP08mD10SmIX0jvxf6ameAjOqcPTW8kVE/dBk+IDp0JWVrut7F6kQwidq4jOH8/bBQLoeuHkkqSJBL4l1Mo60kRxNizI9GGxNoxSTD4UxJfi6UDJmb+/SwZ9pPgLpX360Nqe9sGdULlSKaqrvjz6ud6O/exDnpHglpOqIRpidWdXRoJsGL/7I/7WyNXJ8ei06F0qwuWqOji4Xu6gh+5Ee/z6gNNLv2bfRRm9jfzzMLEZm4k2X4bSArTzRuwA6jjxtv2oxZinTmTgr/+msmWUoBtIPOdw1svXEQAAA",Çikolatalı Kek,foodstruct,cikolatali-kek
78,murat@mail.com,1644933802799,buse@mail.com,1644935145067,6,true,0,"data:image/webp;base64,UklGRvINAABXRUJQVlA4WAoAAAAQAAAAfAAAfAAAQUxQSLIFAAABkERbmyFJf1U2q5pj27Zt27Zt27Zt27btmbZtd1dELDIzIhG5m0VETAD8597asH6lCsWK5bdarBaro6PRNHj/7dOnV89untu/YcOG9Wsn923bsHyZonk9XQVD6JhI6LNSk+L8vb+9vHt1w4whrarltnKuUxIDK4r9evfo+qm9GlXI58inpnGqSOL0hAifV2c2DG9U0NMicKZhrHqUWaHPTy/vWDWbyZjEKDHy/fHFTUtks+dDrRiNSUf/ur6td16BA9Wj6eKSFcMMkunvN/Qs727WV4VIChS9vNuQz0ghghUghMR731rVrYSboJ+S4RS+jQGgZ4ymxJn+d+e1yWPSidsXiolmAGifoJS6WQl+R8fXzOeggzzBcoFFAQAmZOpBnBX0fEOXfJorES73xAMA7A4SlZFyYpT0dHnLYhYtlYuU+5wLAAr5sGEG9VHM90PDa3jaaS+hNYCpfzKbLiOeLmhk1UbhMDnyshCU/oy5QEhm3I8dLfII6rkHxHwN+yeRea7+LcLT5MfzC6oG09sVbFLqn4jHCdd65lXJ1QICLEacIjj+9cxSFpMKklV8eSX2O9k7u0ouZ+XSQvlDcPL7FWUsapinym2u580fsfe+enbKQQcpdMIK3WO0gLVHCHk+LZ9ZqaZS/hVMUCOQVyT17fySziZFakjNBNCIbnHwkaG5lagnEVIVAPrEc4wQnPq8NJswEYme5AKAbYQe8YYQspIt2z0ingsA1kAGHgdXZLHrES6xyAxCT8JHpEbGLIGhZRCR/FwnW19/HWBF1H3oTuVS5hmWQpFeiYQZa0D7ic2oNr3ERE0ekfX2FNkjibqIRz8Kyzm0z1BJu0hLSQNkHKZ/JgZ8USZfADHiqFxS5SJ1hnVCumkFq0WJNXbAIlEliirZPxEzaVcTmOaEm0S1aJqYQSU6e+lGkzYsh32rSjSIpUgaL4Bphk0nWClMR40mSDSkeZ0HAGqF88WmGN4r0TyeYj4AQHk/fSClMFbOP7uoYyJFd1EZL50QhRFR3BZVkyW9kahikD50mNSTJbaqqGmkMeD0kaLm8XJBpUTdE42BZM0yA0DFSLnwqhJJEoh7eIsdANSNkbM1kUiU4C3GbESibIQcGc0zmwJbRUXCKE7asyCOEISZ8BUPFu8KADApk4KvNibkVQUAcodQoIP2UPAtocQyiAeYLSuyLwDkCqYgKSt6XsuiscnoFDMQzISyxokCaZixvmwMiDBj2xQAcPFTQeeYQcmspQBg9TUonLFC5McrRqwAwStFvkaAkBJIM1h/spgGobS5WuF0ykiuISUwle1PLQBwfMkrJTGhRehebgCA05xCSrCesoh2cUp921o70SKDShkM4gnGhKPrSYwxJuSdQ0OYP+SmoCHEoVWgAFaMw+n9pKZoAvPHq4LUYhobMc7rnlKLKBA2kElmqUkUmsS8SCkO0iMN6ZJZplOatjAfUgaCbM1ATfHyTV65Ip+1hbmAppvlcj7SFCLsWA9/S4G85YCm+Ij2OFGYlxlOXEsTBYw3nOOOQNvLaHzqAnVjoxlmR1fdWFK32QN9UcwVpNoBT2B0i+QG1kDYPGdgFcK5om765dZOwP6DG6pHzLOCkk+4gdTJeNLSARS9xQ11E7cUNIGyJ7mBVUh7WE8ApSvN2Lj39OsfYVFxSWmZXMr8MTEPqOyavUi1xr3Gz9p69OTlh69/h8QTgjWn+L+lRU2gSZMg2Ds5u7hny5W3dP12PWcs23j4wq37b/94BYTFJKRk6gGnfF9f2B50a3byyFGgZLnqDdr3GbFg4/bTN55++hOYJoMJwYRgrELknYmlBeCqxdU9d4kKddsMHDNz47ErN++9fP/tV1BcUipTRvSnA33zCsBvk72T1S1b3oLFSlZs0HrgjFWHbt///NfLx8f71+Oji/rXKuwERmpyy1+sYs1GLVo0rVommx387x9WUDggGggAAFAqAJ0BKn0AfQA+iTqXR6UjoiExcs3IoBEJZghwAY3oNJqfvu740sjbW+v9j60dup5iPOQ9Lnm6dTzvN37qekVF9jYS+kPIWtt/b5lR6IeXwdYxnRmPBdQCBugxJ1ueIQghP2PaJytrmyvvGOE6wfadX5pnRTlPk+NeAcMGixuxRaB6qVG137l70zna3iK9zvBk1RQi9CU3tsRXSNAQn6WTAaAf0sq6jrW0KmRWmMw6ECgOliM9A14vU3WONMIHZGTDGajnRay4zqu59KsFTs2jGzujngZu7u6dp41qFFR7IJv+hpeobq9VqEfn0X7Xhn1/EAdLCCeMC4AHaiytaJ4dAeMsU/sCaALfopMkx9LLwUPXwaVzhFapgLP/oCwcOIPPw/UjPwlJEtzIQY/S90sAAmlP+2NrA1N0fLowi7FdNa8JhHktE5CvdT2gVU89pdnsmwYLBX66dDQAAP7+9bw/5JK8FS1W4pz1m+Gw4v75TP7P8oIoU9VoqnNYyfJRDNchWf//41h2N80M0v07dCf4SISV5jSR9Y3gEV45YD7wEFZzE+GSWlh/3qBPxRwKpFrSGwl/QSwgOFmsoW6DAeVLMhZJI8D2O19RFNXAX7S4MhZmAt6lawRNDtfv3p6nOFltq12C73iDhfm3ddLRZL8TZst97I5RAZjnCVROWCgKJ6IzEsVzSXm+uOHTxzdg3gc69RYv55K54/iEeuV9r2bvfrxxlhMrlZEEaUR9/8q5m6W5rheoPzWtMxCOVXMT4vd4CdjqaA7G0SE1J+kzw8cHUhOddfdeUYQIG+DgsW3PXdeYaKmgAVfe8BzxN7bUx2x6NlhmnwPHAKFQRP5ZeLKlaNRLJPB5vwdig+nOnYSiPckl75Y7P/xy17uYktFXCxrdg9/SafkW/UdXLOWgsPvM7+9QLyKlt2I4aj/yGmkaqvRF59v9wfD+7MAN4qExEkfn9jwScESYFqrpphKXlMaDdm3m8/QBg4ucZRAW0c4LPBUYC5PBN/BI5K35I8BPzWm7hZBVUC+sCj2XM8vODNX0lRnVgWOoFDxeVhrlICAYDkLF9tUH/Q4tAVhYh/RVYCiiaxRskZ+4xDfV1yM1HMyMHLSEpDV0BzIt/tRmh97R2G2Vq2CxiqET0R1EKOk399jzuHnimW9XDReegV8bYQxXRBS1j7e3tkmLV89Abs58F/rXwlwYP65G8d5qljIcL5jEse8LSP/799ptsuDJGCTGsnAkOIEVt4PQUYYPHrUpuPrAJE1nRCVdYHs6Lui9Hk61OXwoW2Hl8XPFwHh4knWtNRACdXH88DmMFEfLd79EgvH+YXJMOyHf3r2KMppHU5iGMZrW5w1FyW/DIQ/UwDY8wJRr0YGHeT11tt9r6RshtztGNz40HYPumecKEEWdM3+uHbtbkh+FPzqP5eP5pQuBDNMbBH6QCNrEWowFhiKNG1IiXLhv9bOZbVix8sjPwTpVi/buhNVol/WDjp8NEvx7DWEODUSSi+4RhJhYjjVPiYPixJzv2ljo4PRoF/n1s0Zd7Z/i/qv2+xEVjZdDUipsEOy8WCrV5xwyzpi8QOK/malo+1fI10y2kJs765ktDMon9h/DrX50Xv82Y3ivdqJ5b+k8jGzYa9DJMLrzaPNidEyJG3vodDI1456R/J+QCjnwL+nypfcRA2emxyMJfYNKRPpSiYzvdJga8WNq6XrvEeyip3ThM5dzwTc1y68ltpmw8ekDDivkR9KjwpvBxKvJUba1BRziNkFhN13+GipDiJzoQnz/XxjS1FfJ2/5drvsfgNa0OsaNNuEuHeDtEjhFcCtt8iMrezGi6ofsN6c4NPch0KDHZb3gHq3yB9hpVfrS7w30l6aCF4QJghsmjBjiHez47UDt0nJ6bfm4uH87Dqa804pGlgZK5iqDkT7qXUu9rcgO7iL7FPDgQDKuCJyA130Nm0XMcVfrl44nuw/NxDFucpTqITpZ79nE5wMppCqkXBhhcFDmWIJCzEmoEdKyghqCShWCSIb3sjxNf5HI1/wU4AdpwzQmtUkrJoTMu9SHNHk1FhV9RqrXqw7cuw2W0PfUKld2GD9DOe8n4CbolOQhS3zCfymHE8kTs3xL5jjkPVq8mAc103OuqIeNazMEx1esVdxVGk05ouAfO7i+R2HIdkaAUn9h2gaQu3p3Y9DlHsijUmgbE9SItjDgQYpg6/3UMSVbef+zfwAWmCYE4qiWwIeuD34aA8fVBfRk1TyPhcDUau2WLfiafwG8rmRI4l8dshRqkoFc5pM+apSBpgig41PUhWMj+ukUAPj+Yr4N69Ahf1j1tzsMheUA8vTaXe1QdCU4m05cFev+OJ8WtSD0eLvbeP8Skilo1zUVRv3BGOxNBcJrPveAbovdlfSpz/ZW0SMa9zmR1r3NYqYtPpJOVvM6T0srBGN10AzXrZrabp/b+uTmbYo/CWIAc9kazoDQM6fjRWLdDwr8gHXJRKtwCH/26iudVxdrEudFbmvqLmqHi99I8O3cUlYrUt3ttmjFTEfOFvxDvqUos5EU851476LG5QwVUbAOntlltitON4PIFiYEBDi5NqmR3BSLRwbB7mrt563jnMrp0hpsWaY+3Ca/w8C8hBtvEhJKIXyTQ8Nt3+bs+ckLBoLMfotznD+Ans+P/+oO//p9L//p0/q6KD6HCeYH6J8UNpVuaStMveqi5F4lSKoxqAR+flaRd77MbaAVlz/FVNDudlGrkPm5gXgWmgW/Wp/F8zKv95w1Ei8ASSAAAAA=",Peynir,foodstruct,peynir
79,murat@mail.com,1644933849082,buse@mail.com,1644935143474,6,true,0,"data:image/webp;base64,UklGRqoIAABXRUJQVlA4WAoAAAAQAAAAfAAAfAAAQUxQSGsFAAABoIXtn2FHquo+fRTMbLDBKB574mRsezK2bdu2bdu2uWMrtnPUVXW1OFX/3O1FREwA+j9wjCVZq9P/rU7GhYnk6B1UNbpRu5iYmJgO7du3bxlWylnBhQTW+/detu/cjaevP378+On9x7dv/7q6YXTzCl7OOo2EocPOkfOep5osFkIoY4xQQog1+8u93bN6NgkJKu7ipNdIGCx94JDziYT9l7aMX6/vnty1auqQzg0jKhV3kCHShy96kUPZf0xstvzs9NjPf909f2BJlwrOEjiGkD2/VWZ/YjWn/7Wnm78eGH3k+lTCOLVlPlvWylsLiVJl5XfK+FWTb4wNc5LA0FVbE08Y19a4c0PKGjEMmooLfhLGOc39a2UjFxkCJWDhF5XxT1Iu9QvSiYd9Jny2MhFp3utV9Vw1oumaXVeZoGr80Z6+GrGw+/R4Jm7+m3WRLlgkqfyBPIGoNX5Pl1JacbD7wLdEIMZY7uPZIU5YEKlE3zsFTHDbrwM9SmiFkL1H3c1nwpPsx2OqGETwHv3WzCAkP/Z19Ja5w8GHzQxGNePaMF+ZN33zOwxM0/MJJTV8GYPXJcDBzG/HBml40gev+UkAYdanY0vJHJVYlEQZqOrnGaUVfvxW5TBgrW+nl9Vw4zEjHRqmvp8foPBSdGgChYbZvkwtr3Bi7PYVHqa+Hu+B+dA2e6rCwyz3mxv40ETfgYimrQiQuMAVTpsAYuR1F2c+/HbkQsTydgXLPCCPhVkg0c+ji3BRdGwcSKzgcrDCg+OgbzCRH90deTB0/kBAYlkLivGgbfpMhcl8pJrEgVz3rhUmer+lwoFU46oFJhY7zpmHckdNQGVtKIXth3225QFluRosceCxPAMo9V0ng/2Qy7QkoGjiZBcOnEb8AIrl7grE9jP0/gyV7XqYbD9th1dQkWcNtfaTGz4gUL1tr7OfFHnFBtXnGL39cLmdZqDo9wFG+yGvmZkUqNjBThw4dvhNgEoaVYQDTcgjK0wsZdIfHEg++3OBSp/pzgFymhpLYcqc782DEvOCwJSzsgQPOPyUBaaCdT48oJKLsyhIph1BXDj3+mADybynHBdymTWJMJ2sygUyNr2UB1M1PrDroJcqSDUwF0gOXJRMADrBC9JHXs6Hp+BEDcSrY7c7VnBMRytzg32m/yLQZK8oxQ1Squ3KoLCQr72d+UGOLa8WgEJNV6MUjrDn+I8qKFkbfTFHSAqaHUcBsX0Z6IS4NgQfSgHEequ2hi+kb3Y2h4KRvrkU5gy5xNzLg4J+HeaEeMfeY9/bgGDX6yvcIdlnxgcCAs1c5YcEVKqvTiUQkN8DXURAhojj2RBYroUpQmDHNudyxCPxc9ywEAj/2flyJhHNcrOpggTFRept/kbEIslziyNhsUP44i9moWwPmhrEQUgXMPNxARUoY2VJLBKSS/a5nEmFUZ+0NiCxJfd2J9OESVzmjwVDyBi1LE4VgiStqK5B4hvLLXhtEYDGbQ9xQBDKPoNv53CnJm6I0CEYZY+YUymULzV2Q6geQYmLNtuZSngiCTsi9AhQfeVl7838kISVwToEqrbiiMtxFsoHTdoTakTAym7RUy4mWnmgqbtq6RG4WPGImHI+1kztRZN31XZEICtetWdeT7DZKXlvAycEtewSPurcDxP979S4NdFGBDfWetSbcuFXAf2PLF/XhzhgwBBCikfNSRdiTf+J+f3UygqCHms9Iyef/mH5VyT1/oRABRWGinedeY/S/hnJ/bCtZ0kZFZKye/35LzJUxighFlPOr+tz2pQ0YFRoYqNPt11vEmI//PX4xskdkxr5GCVUqGKHcj3GjuzUpkF45QBXLSp8JYeijgadRpYw+j9xAFZQOCAYAwAAUBkAnQEqfQB9AD6ROptJJaMioiqXm7iwEgllANcUYHqvIZa1yY3otsB5gP2Q9aPTcvQA6XA7P8ylL/CQp/fb3SL25DqH2PlzIB/RRisuwPyCYbd8As/5RG0GWX9s7Eq+2PioVCQKv93EolqV9TXn5LpFcD/a8iaGHk7PJWOYaotsg5jLQjQzRgjwjxYJ7D8mgEXx+/QkukU4hVUeqlsH7lvOoikfCOwJma0LsxWWmRrAY/bmW+MFdo90EtBbQezn1GXZ9wkBw21+J894mfrAOnBmAAD++5zmv/+E4JzKDjH1q0YptLccTtAgrVOzIOds1dC+oaUtyrChC///pFXZYxdTzxZ9Di++w/gmQOHNeo5d6dmf08xQdvEq1vAADqW6n728t0F86OMdhXikUrwWhNCNZDzQbQfIwz//7dFmjiCX1F1sTHZORzppg///GLoJPCfN1//yWUViVS487R+Vlu7PM11rvh2T8G80EMqIGWevYGIiQajoeY5NnND9bXpCt55stI0xjif1GqrOeSie6Ft2IisQp+Lw4PsjqehFOa2TK1iJ6H/xO+q7ORg+UU1iCtW0s2OOoTwel1rTyHm9Tq0pqKmjbvTOVgcKlYolBU/zXVUlzSQ4YZc1EyAJu11wwTooNI3SfAn4at/IL9Zifu8Ht6OzLUMSdp6sRKyGpwhr7R69FOY1EqOWXUkbp6M63PEdG9H6w4fj/lmZQbc+BEGjGZ+lU4uii0fzHcVee3Eojn2/99SG1NE3GO7RzpI8nXBXO0mIwSPVNRUSJv/mUSc3vx8hyT5HtOR1ayFLu/zaADtL3KMfiiIq/RMk+44Wx61XG8zJ5NitccsmRPa7AADouw2j32azgbLeqtTyXTISUxaUOWdwNlWB8x7kfzSvaY7Ern7l2stFTrWiKMf8W0t78CEQ+puMRJBjhfdWkG17LrqU+yil5zE6fWiZqqv9/5mkDtlBT+izwfzXZ5kkornhgGjF8p9fdW4BBzJChQEVFI+Ziz53/u0RMku826/90dUhzlJQZuO/CYeZWe13T/74CigAAAAA",Yumurta,foodstruct,yumurta
80,murat@mail.com,1644933940051,buse@mail.com,1644935141708,1,true,86,"data:image/webp;base64,UklGRpYLAABXRUJQVlA4WAoAAAAQAAAAfAAAfAAAQUxQSHYEAAABoEVtmyFJ+jNLbdsY27Zt27Zt27Zt27bNHnum1Kj4L7orOzIy4m73nIiYAPgvdUkvtIBmJjHpXMPylC/f8H7deC+9cAxxvbdeem+xWJK+PTwwp6xBJMaiY28lovI3y6uGCMKUaX1CCqb/9/VB4bIAPMZ+RsrkYS8D9zJutiF9+/wgzgXtQ1Xt8w18W5CsDiYvdeOYVOQvqm2enNXArYADyGDC9My8KvuDBUx50yNc4tIYRCTqISaeKsUjl+uIhAlEHODJH9NtRIKMmieYuMSutYeeO1fZICQVfi3LnRtM4clwzhjOsoFObN04AwvZwnMyZ5rZ2bJk1pjeNTAkJDg4OEuBSl0HrNy2/5aDDYU9JO0YcjTqvnDt6fOpn//8h5pcYdSGe67mc28kovZPBWpAjqiy9pUVNUyIs0vh7Lm2eO5AbRN0vteDNV3W/WbUeoqC8Tq2JP86t1D7xJm5PLDttgG5uhPYlvLe58rjoozFX0Sefq0IbMvrU3hi7WNgLI8defqjCLDtuRm5aj8ypESwnqHiCXxBtH26ua5NcR+JkfnIZdvZlh5MZH7HJ0TLymAG5K42XmHy0Zzq+V1Fjn/p6a5WbjvP0DrZR6U2yHfrOL06vTmH3ypJqpQlnCNHvFXxu8w5xPaq6AfaeXfKVw052yvefa1IxRSVM1/VAXtOvk7inWM6DbnFjfdf/6EQrxnTpSu87i8Kk0Skx7V1AkFhEkdjozLDNDNymNAjs3wV6TvakcOEEErEQQ5HKir4ErlMkFrKmTglrjuR04QSOhwnYhRIFb/xijpJ2ROuwPs4ioZ0cVdQKUk0aI0ChbNQuBf0CkJuCedsBVAY/1gwyXviJSVl3ghmjzcoLvVKKIlbokB5wA2R/JsVBOnUrxPGr+MDQyH93YRxLl4Gilm/iuJzCaDptdchCDJfpiE1+CcIfBVDA1xXJQvC0kaiASFrHWJwzDNQAa+DKWxY/mgMj3rRgcgdNgbI/VaHtPYthhL4DTOrd7WA/zGtkTK0AHLuTFLpYBxEXNEadqMH/q0v21RIuRghQfx9zU2T6AEEdLmWTG1dDABkfam5I25qgBza+rolfQ7Lh4ttvAAA4u+r8XfkdxZuh6sCAJEt1t21KrHe3TmuYRE/SDPskhprPR+w8DynWgAg+wVlzlGqbNlSOUKDjKDYOFOFi9GwhImsDKiZK4na32oyNLQw8DBWU3CM1utWABB0loHrftqqlkAl5VphPQBIHRi44KUtQx8lhDjZESdBaq+36i0xaAtMQ344c/qtjzs47W5WrSNo3VT/VpISYr3XwADOg86r9SJGcwD+oy78dna9dQAoLvNZpTUuHAC9b5aaY7ds2zp3bN1QCZTr2/+hREiq35UkHqQpG3VA030rLUx93h14H36MTpo/6wL3pVwJhFbKSFf+AVR9Rolc9AAR6oo+cFC5VxjEKOe5R8PSWBYEQMSm9NmHGkCcQWOf2JXYP61s5glCDehx+H1ajru9okG4sld05UGzh3drWytaB/+PD1ZQOCD6BgAAcCkAnQEqfQB9AD6NPJdHpSOiITF2a5CgEYlkANFCCl7edX6PzpLX/peEgPxbZ/yvrI28fmH85n03/6Lfpd57wET+jfhB+kvBLXT9ykGPgg+A9AD9VVPi4O/Ihvllop47BYfshMHjdP+qwVW9zGn1Bf0LO4l3u+qb+lZHQnZOu4Ames30096NXuyK/CjHyCKWnyLII20AtPcKqyxCOHSu6hBFcPShwIsHqI01uwtncoIniDGWELwPB0FTuW5ggNJoIXWNETTjebCblvBBmR/U1PtsdkIYGYB1oI7hbgrA3TP3UXoY/dIYn8trFEhUEgbU1GZ8Y4kOQJNW5fDH1MmhGvGHVpPQgc8hq0Cq+2DHkkpn3iQXPkKmOq0tkIHfGKaIUiX785grXTinp7D291RvKFowisn/6O/vutI6isiqWudg2TsYm8JzbcvzO1Ut5MIQnKDbQAD+/K0QEnA6ZG628tiltuIYp8THFEf+fp06EjCbdInEwGAqLfiVglfEpJvQzaMI85OSoJVPGiw+3WJ0JAD9U7vkYkDmKEk9h0c1Mwn6OzGLGYy6+9Z2wOd/yq9qgFAVf9upRMTNbmof1KPT2YqmjvfYVYPLO4PInvu08KK0wRpTeWOSvuMyFWSl/jYqa+dyy9H4+2WBWWJ90kMS0WfFG4x42ygAS7f8Ur4Ahv4poG49/wQ4zQLu+hZbIiXS2qVtR6dlSolgs5L3y6coOlg6HwmLWw1W/Ie1dJwjc9++5/rYp5EU6SY8N+KTSjSPjaXF+Bn2o12AlJY587A8hyvNnoH6EKxmJyWPWrcQHI2EMuLbHXP+f8mkyOJF63jGXMAuCMKzBT4os8bxStWGwdQxWyzgz9OtCLVwGtaoHg7jElh7Lh+6arfJFuz7YBOXxMISGFK0kbDiYhzqdfWOI21CenZN0DHLr1PmlUkjLVg+VkNZH5ZYWBQXzjAvmiwa5CAX1rWJqb+sJjtwyg4JRIzVvghqQyIxj4ZwidAQMH1f4U7eQVmqDi6sJQRiSyAeidLIoRplHIl0c3kDBiSbSInnrriMw8ADGWVYinwn9mb/QTcxfiPcLKKyVuURVFFGbh6EvY3Js9YAJjP7HwCUk0Ikmae/COySw4+2P5Lj5VJ1zD2IBqziRqTG/lgBNh8ALPdZYzEjM1GZz08kLNpyd+TX000AsW6jAYTcPTUbgjTwdh2Ivbx7txOPDK9eaQbb1GrMEQ5lSrfVxcETb7CiICqnLfNhZk6rwxIDK6YX870zAfOtGPEb+/of5U6WmiQFhWk9OdNNaEudrP2edq+yUiLj509o23etZyVJmu/PDQjHqN2EYeeLDyRE7AuMP6x45DXaGXf8iW2WzcYmRH0LBdB/4bfyobdLR6YxTIFluvebUprfaX89nrpj7JQZcj4FzmmtPElbjyCTsfgeUtzZGe30UK/6ytE0t4OmhCblN8eOITV0WiUHfxDEAq6AMvsneR/20T4IugWpv7sfuPxFImUyGD3SIXGp90sUkKWoVJ5BRXaSQiCJIZfhZoiET50vHh2siZ5JmL+A04hEfRhNzIMcGGaUT//BpIHk/2NHKZFkQsJ4U5vViUnPVbKFikbtxz8tOJQ46itfjIQeDDXyCWAdv16wyDfPxM3w0c1zrWGyCzGaCDBTra3lpRMB3lZStyh+RiqQtZSWR7ozMoPKFlQaGj1Z1Bh1MvCOvOaXnM9TcdEdpd+oXnKo7SL/C/DKVqNHMEAofKKxgFt0+LNxFmWd//8+6tZhAA4ieAO02p4GMUi8OHyowbvhJqrSA5UWnb+HSm672hlXYzbpfFB2BcmE7FK8iq19dKt5ESkOZBhOYDluadXbO7iQdPM0/h3K81+nnQB+Tm71jHV1rnNNT0W8Qrh0qW51ml4yggkHaOUxkFEUCbwUWS1EpP8Jv9REb401V9NgKJ+Efv8chb3rJhKCo0JF+a1q8fmaqsbrkdjJJkmmE0zBa9s/9ZMJV3ChqP1xAjkQqafWdhrqzB8nnTY6bez4pXl+Kgctp2DJSmm/f2ooQ8aqEJV37zEw0V/2g03vnMtcG9dyFpYKGfpNznIruKYEU49S4C5Hj+VUNfEQ8BHfn1Fh5aWyr25fotDPoRA2csF8r1p21F5lqpJqpUAynYuwtMdYq4VhrDNwDBC2HbDJMnw7iipcCSAtkqHYT6GaRdPoBadbuFqy9Z34bFeZBEqcf/C/gM7MHcaG9u4hlqhvbkRhTAavRGobSqz5KgyRH/Xth9zn5SizfVy2Oc+T2Tmvg2WqlYhHIVFT4DQfwU5j2PfbiEx6Moo/ubovdZpaCzHQtdi4ToCIDhKbFtRMzn00KdIl+B0LHTS1gSklPi5sMnP/BBaKyHiRkJhkcTQIgAAAAAAAAA==",Patates,foodstruct,patates
81,murat@mail.com,1644934142824,buse@mail.com,1644935140254,2,true,0,"data:image/webp;base64,UklGRjoNAABXRUJQVlA4WAoAAAAQAAAAfAAAfAAAQUxQSH4GAAABGTFpinGvEf2PJgsVDkG2TeeP/UNExAQINRdybVvLmg93d3eHJrwEWqEuKmJIkmGGoYOcM4+YgAnwRdu2aYm2tdXW+kDYXvZac8WybXvbtm3btm3v12XbtsKOGTEx0NvDsNZzRExAGPzHjrefchB3acdZfuqPT38C2yM+PkAICn1uJtA1CEIBQn+JT69BiFx/83m8iWgry+fQ3hhDXT79KoaR5ONKDI5Ra/7yebrVH7X04tNvINrK8jEpRl+djyMxKt7/UKtikyrN5kp77sgxahTh061iQIgRk3zIiKPidEBxKlgeafVGbfzQgc2ItjN8RswYXWU61nSc3hGdnsMohnGks/tBiHtTJNPxnq5YZQ9JLmeejvh3eyq7f3s8we5ffMVKdez6s92R9Ixvv2u9KqxPnYzE6kXv+XK7Grp/8SqVDPbHvveBSuALX6iQpvmmE6+RCtj1Qx1It/ejr16sgEtqSPu00/9UAS+0UjNfYnild/xRSL1x8g8f2lhtbDaaPiBsdnT19Q/0DY0+9TmQQ5G+0T74tuX59Y3NZgNC1Nk5MNw3PjW+kzI5aDwDCGnf0whqFkDEd7baTtcEBw+kJkKuKb6PUAUDgAvAre+3G4iZnnaFWk0ElY+Yorf35siwRb5u+gBAIAQJILgNadUS+Nrd2kWogFkTQyC+2/Ka9aEMDK1TayqI5wVgEDOTAYjTFvjuRBmGuKl1etJuuQHFUJrBCkGtMVmDgXZaDrSjmzrAUD6DwQFpNlvUgqHraXmGr7XjeQgSQAoUaGntyhJGfIHEsH3H9wBoAMRMzCQBiAAHSIS4PuBoF6GKTGgohPpbLfSkEQEUg7QL8SAMACRgBgHwfV+8zYwaFomIK55oATwARIYWGBwQ8QCd1YLiUwpWSzuu00Rbg5kUABWA6HbdzVhBISQXR1w4rNgkZtMFAGGlDCYoy/8YiCHhNNbIHtHHrPuu6xFCyTA7LJvMLrY2dhJI0uQJZJrWksSWeV8KjwQkJ2NlFO0YFMhrThWFHyOUchJMUBS1DUkgeekrC4pHQnkZLwuJB0Je7bIoahdVml1tpUmpSA7WdElIApEA5eBhlKnoBKJ1ZreWCnEEc4CIsnr8wVIBJAwQBDO7dLlkKIoChIyf/b5TFnZAkG/vT/ejLFUg75d/W5dGKKWhM1j78AJKn9Krf+ZOKRnJkdxz0fdQ/gIA7nay5r9fcCVKl1KgwP3v/HeSx9716oelfFL3/v+q4z5305wf0nr4Py879VdbqFDZuv4zZ77od4CI/sxFL/7z0xoVK5vXvu53oPUXfvVBB+VLmQWvdfH0jSjlzlzMNtBolFM+tx00neoSoO2WE+VCa5S1ZGJzWMsprWwZzwk9DcusLgDdVEI03Gtk4u9z6pteWeu2+xWIy0e99J0z1nlZ1Jd7e725u2ifvcxbz1wvnf3+uxdyKvqe5z3jlQz//sUqL4Cz8Og37t9eJl0a5gv+SMj10szCpVO/vqcUBvdyat8dQQEbX/75QuH6jvzUbl73qFDONANo/vQj7aL94I0Wci+EUN14418KdtI/h5F7QYTIe79XLPvbb+YCECL9H767UEd98zgUWuZOK5L5rq8YBRBQFPD/fayC0K5nTh99OIoooCjBpR/rKoT18i8O2ShmDCFgx4++QxXhwP/sBgBC+RKCEBJar9qpCB/9EsKFcqUVku9UK8IXPh6iCRkIxRJC2ivPFuETnweEhBBXKI4QhBAqFEhZCLjm7iLU/rUPoIkAAYUljkooBAgBEELQv/v7yD91jP7sLAEIuRUIByDCiFy6w5v5zJvuKwD31s59xwCyFooDCIXEvfqcBvCFm5oFgDW+y1FnHtuTL1CSuY/eOV9nFJN6pk7/wkAKQlFCSCyUAGjO3fL+GheCrcnD331cJnn90qWv26WzAFADk9OvO6ov1uyWbamxCAHlw5h8w4HDdgEAUp0T0x88ikPqM4/9/F6/59jXHdQBtBurazPXDb5+LCMhQD9z2TPbTiEAHtjz9FePM/z6PZfe+cx8Q/PwrvvvMvT47MJyvc6nvuYsIxOv2d54+POv+Nb961IQqJ6hiZ062puzi5ttD0l5ZL/zpke6rMXRvaOekN0jtHPjLdfMLM9/5uoVR1BcIoaIQJAmm7bJ3HHyO6Y7gNYTj/zv0drL9zFZb3uL/7np3lUHVWiMTR++19Aj91y7sMW9Yzv1kLPmzM9r5BFWUDgglgYAAPAhAJ0BKn0AfQA+kUKbSiWjoiGmFVuIsBIJQBrcRBuH1oJ3v94L+3e8xvRF85nqXt5V/cP0ZrwZ/I+Fvl1+MStquniGpDuAoE1Z2jz5Weof+tvWh9Eb9YDQ66wQ/DcpGFjyG0EjAiBluE1xFO0V/tEKfO2iW+g37WiSxfDRyq47uqjq4SD+2k6eGw8QTrcHWBF8Id5gsU9wVaHH8fAt7gphUU4ZEq+VKamekYEzPWuTasbfIRXQXx1kypGiF68FgA8Atva+xhmej88SyDqlmuZSt5mi8V5/ETXuaE4O8rdSsfHtAVieHxV3m8EQWl9wseCpG1JDeYKuF/kQfa0DJKg7Blh2+jws+qZiH6bW+hEHIF7zX1AAbAAA/vuc8j+crAO6yRtRjzC34lrnfep4QBWmLOnsyfN7iT3HkiFJ42QsMmih/EvXzF7zw/lCjh+Q8Oec024lybAA6HP9xXKpO6+TFtW1WM674BavvYdoshCoPbWqh4vpCzzPc+erI/GrtyvpoVxz5ozDT9T3Y04XXopkg9xNDlySqNU/zE7vne0Wb8gi96EM8W8obvpQx5L5hVT+h2jgRHqpog8FuRcWQ6LHSaEA1M/Jr1aAvOfz8axpbb/4dY8Bv3zwy4SqHuO2TTv418398ITMIfL9xZ1OWQO+wLk+dyDHyIA4CIKyZkheovf0Y7uyJs0mEV5OsQAEOSfT6CI/zX39HvD7UAYFS1YjX8VRj6/PdViRbJqh/NoPYlAn+/LdY1UqaGjTjqf8Fhph3kp1I/sLx7hek4LymnzYvwfZXq47U+sCilKGaSVDTVFZhHNHA+Qo8lMBl28sl4KCFZK+OUh0oZQPJ9oZBof3N+Jj/CZK8RQLm7GUA2OPPCnOssvbPfd/3436B2mPD//Qi0Kfs/TRJf0jLvfh5em+z73WMfVfsi9MwcM8kB1Yx6TQImxJqOWmHTNXbr6Yf6RcWeNyZDsoHLeS8E/67RKFnXI1a0nqe00vIFQbxww2/fpLGQPARhrI7DJ3MJhr52IZ3AYr2ul3XEcOldfEyvobHJSiAUqvu8G+n/v85V4v/jbTmqIL8X4Lz/asBWcmbYCSgCJ3NP527XKdtH/Ulgvxi3cO1Ng49ekr4tbVSofjaOyylgrf/R7iQjD9MSDf2IllaoIadF5ELBjhEWAv0kIN4UiEgop1iLg3CYez+B3w/KBBDUDieNaitXAiWc9N9k63Pm2e3Sf2K4HIUwP+wTfMFbeluUxYbad1+ZlUnIZwT6GimI88X3UUXtW3QyCUYaHtaarXLWluCgCoXm272hSOL1KOABVfISQxHF+jb2dAmSJOsSGl2+46rP9Mpb+LJcPXwzSSTDgzrvoz4PsfI8wfv81/KiM2rJbDD0f8f9AWSMXzKNmLo178zjfaQBOjw+//iTP1Wt5U32v/vEHuKkpsszlvzZ+F6cfMFg7+CQURSOcT53bKyfAgvRZ2vlG77oKlBQgxntKwUnjAkvIdLIeRSR6OOCYSZnKcKRfvIARKrL0nQcT3DmEcqEgHHCK7tafSqVXZve0tSjVtAmixvs5f4/yPknFw6oetNfTrVUiGI0kO2ZBQmY+Zej7aPsrT0FrVkQI8AS5261mNZSXEdOPtRFDY5KulTPpP9/0lo9qlcGMerz6Vco3UTTieaAT5rQPs90D8AW5KoVb7qhuEgVK3v4zmkNIdNNBZYwcyoTVNOdFo9RycjvY4fGfM1St/yGaR9t7ECioQyWsD8ovZR0W/DIIW0GNpsavSoAH3+MzsQXUOQMtQH+9mT0HeIY2S8+BG92wpuV56VTAemhf1JYDLsXskCZk3Do94IVJNvEYbsqIrsODKRenO/zV/ZU2mzTgCY9zsDoJzbhlZF7bY2gkP6+myYAnOitTwcyz++M51hhDIOYsT+y/KrnOMh2buf292AaQ7R34mFzXF8CpelyL4+mI4/waG1sACzMePyTIGp3yPHaiuZS+y5RXgaeocz65+5g3VIqiZyC6cBHDRnKJCUQBEhPRsBotB1iP75mPGIL8po9/yicreni718kU3Hc0epeOOzR1FIaeZqJOPBwAH+0Wevbn+xeo2mRfW16WrTJ0e4GMwQ5vdkRk+ZBA/g0118EeddXnFB1h9G30NyU09sjn6J/IQl6COlxw10RCwt+0oREWHeC65tqH0rtHWasZ0hDPrNTX3Us/xpSAUHCpIE/025P57CXL7qwGJ5+mwBqCOnGJJFrmCOMfouaMarWNMEgAAAA==",Kırmızı Şarap,foodstruct,kirmizi-sarap
82,murat@mail.com,1644934368424,buse@mail.com,1644935138618,6,true,61,"data:image/webp;base64,UklGRnoVAABXRUJQVlA4WAoAAAAQAAAAfAAAfAAAQUxQSKAJAAABGbJJ2xS2YxvR/5g8LjXgCASS9gdfISJSx7TWtiXvj0d3nYDEAmxAh8wWDOtJB4DmECkREzABtLBtOyNJ75ekjNbYNta2bdu2bdvWrI2xbdvT7h62yhV9B0lVpSvJ0Z5ExAQg/FIl1tyCwhZ0HLxYdQvpTKEAccCpJ14Sh1uGLozk1/XKo5S/KuGaJQP65VNy2TWMlq/gnl27DctFI25LA1gru8j+nQ8SzUJXjofxH7hofwwvMen4xme9AXBNpZt0wIAuhvIPbg4BAI3xOpa/m6ew7uh7CIA+P1zqgbF6LBxbOfzRwWIhGjAMKP/oZIKx/j04+Ljszzd3LWAHMEqMvnmmB8b4+6KD9X567c8vjDszkFcNMDB435UwKpve9cHBq9OfnR/e/9tnOuSjA76jb/IZ9j2zCY6uv7/kCD8qHpl1pJgLQKcfegJQ/jnhNTh88tUqgGj4VxeL+XjKAbS+ffs6OP76tzMA0eCPzpHMQgADaLzvyd1wfu3HyUQAVXxwmWAShHH39T/pACqOS090NMR+iMPY/YUDTNiw+/6pKoDzz9t3KYqfRqxehAWrTdD3rS6GLgzafesvQPiS2X/r73sN0WC4QgI3NTXrkqjo1hECT8KkkNAGo0qvsgCwpgCsQYCqawwGuLCW+QAzEw47R4B0fAdA/mQSQkd9/cWxqJkSLBs6bGi3sCoz4BUahZCUWD6vOmYNI5ZJuWB/s5gQUBJNBK0NfsRa2lRO6tmGfQallT3+AA477LDDDtzMAIHhu7MbtP4nErZ8Kh4+ZuIlJUj/fcfV/TPISZGyEQDKDhnS9N0M2QJOruRiwCFNARd1BnRmWTGwChIETDC+RyAQAX0PBysAFl08afyFEYC9N/dH/noiLADoeOB1DW/t4kuRQgheXm6KnJGTYHrKR8eWMxgkRpH3vjlLa3uV9eoJKj/sikOe2HVJxIBPM47xgwD0IYAYYKY8lNljFgPY2FRbB47FBx0TxeXF4lskdx8GRm4Cgckk07ZwrEbIU62rhIVNe+yFLesfnJ3yCWYEAASgoXbjornbUISqajP563d2xZnMkFpXV9Ok7dmyK5aUGcWYaU7ba0tpp+4DdJiy8vUkD4pb2ZO014YDll/dF+bx95ModqXFXo19y7P3MRgEjr0YpKJL1yi2qjliDyoYxMDS92FDfeFK3U77J/qAwaA9Y6cLdkDbXymwbhv/AcN1JqDqNS/sSWEBJNglu32YhwHU3wk7kr/s8FseCIBhV6GzrhN4xzuwI/W+eczkT4cTiNke7IlCJ9S9DFt2vPSW06MwErEtCEykLntTsIX/mKsHSMhJtgCI6e2VsKV0+u39/LA9Yf8z1U1rK4vOf8StBwfghCd3H9ijYs6v9VxMVHLmw4dH4IyESLerd3+iFpN47FOnROGcu5/uThGNpLZikUYP8cJBu9yxZPyZxwcaXykWCgtwUr3XY0M3A4t2qEWibo45CQvsOQrAYQ+OnVenFYPy73ttDgIQCEDnwy/ofd/yYkDL+2dOVJyCBeTZq/cHWjEgseDRGqco8IZzK4sCaN7pFASAKceIT+/Si6NlatohCv3oHi6O9DsvpJ3o5be9u3N17JiqV61CaqaDUB6tjcp/W/f0PnyVGO9/WUSr27a1y8QJuhWeMyPOwZTLmM1GkffBK9iK7td6nIPQrv0rYaWswRWZhjYk2ILMXncAFlbfkLUgu1lzBqZ2w5SzVAtS38WcoRgXqrCQ5y10Eqb28MFSbYmTtKvutwbrMu5Q+Y1F23e5w/jtFrW4xF7FokSjOwR8aWtSa93hhqu+tEZZ7A7dusPizbIrYJBVTQ3uMNwrW5PY5w4kwOKN7rAqa9V2xRXmslW1sit0DIZlAc0WyHDFa34qy4jZmStWm0gdOl38+WtHBglNWVcYCtOGjw3U8aTer9zy6BcnlpKXXCGn3gLAF2qddkgPYNg355dEvW6ybyoANZtujWsAOrx4FafdJLYXgKZAm1cHAN2eG5Vyk60pAAKAqjEyAFTc2zkHA+x4rRoACkQjgd+XGhD05SC4YA0ARJ/+5ecvDnkjbsib249tpxjkzmecddVXrwYLo3Zi+zWvMyTfqAdCw0WA82tXBgCC3et2GLDlotkwJQMbGBDagQAwbM+r4yZYeutE2WBKBkI7kwD7K+tkM9567YdtuVwzNlMzRHv3GzbgvyezbjN3LQDf+d/98++4sf/eo1nC7FzJcRrge/vv8/cf2a9j+aBgAWxC5FzV8wCoV9810gurGQTnfvMpGdCoyzXnHWaVo1cdWwdTKXrgIye5TfrJd2EePP3WI0JFwOQoY+5rNfN+eQ1szGSL7LdPtMC84r0jO0iA6vMWC1Ne9tQXXdrIOSD1HlLqEbtdNQgAExgEgMm64mWybPyzK1Fg4Nb7u4vI2wlyM0BMubS9cx+v4gKkyz8Jo12ZcjAxFZSdL1cc0i75L0jPWrAshUKPnhCBHZkMQLUXFI60h5qVd6mN62hWw2oYKcxpLZ8XngaSldvO8Oezb9+Q9iuUQVYwsbKvrbayJta6M53O6HJGh3bKjd5Fb+/L484bUvFpG4+/z5fP9n9vKHeC/LlZQyaVQXJ0GPjs0ViuQFCHMuy/LkDc7zFr+KLkmg5AvC7UG8h4xMKSKYAJogiv4DMUOVdfuiyX6VMvAmunXtzbrO7z2hHXdQL+qHugZme62+DCFv2nKVkoaQWBUC8CRnqDpZA0LvWWicUA+dbv8hPeur1+wR9ln0Qgt3UEtn9ZvTfwwFG+mbP0uhK5+zOFjf1Rb1PlVLOcTWeQr+AX/D6J/OW9xUC6q9SpkxeS3xsKwAt/KAh4PUxM4MwV/+aHQ4dsbImf8wWwfukNwJpPanbGy48+bdfitiY1EnqvY15ysgxzxu9OtCRSekrXZV3KpSNPBgOipJIoSj6P4vUEIhH4yrpHex8bgr7gztpMNi/T554F3t34ejkm/rijLhlWKOQJqp6y0lOu9edTu/QiffmmnVlSkk0AkI2ZKKTKmqyb6JxhHYBGOgsiAHgEUQIQ9PmPO0pd/0NDLKmakN/j8YfAQcIz5+vb/6wbdYPv63V79iQkLwBvMOopj+5/bJBybag6IjFmQ3NbIsYZHdAZgAqdwQCzCZhhziCYEgiAAIh+zmQBhpnXHwz4PB72qtfcvff35vqW68p+UBJJqCQCECJSOFrWeXApxG6BZFMkua5Z2zG/PpVMynDY8hNWZRDLSoIqaaoCDwGyRwqR7At4ZPL6xTRkHRxPZZGvAN0h7OkXFMW1SCBdh3sT43+SVlA4ILQLAAAQMgCdASp9AH0APpE6lkeloyIhLhbeMLASCWwAzXv7yufT+crc39VvkFeeXy+b/x/Vbt1/Mx5x3o1/tPqAf4D+3dZP6CfSu/3D/w4TF/T/wA/TnzC78/OgGGOquPuis19Xf3o/tfqDdKdv2A+JmMFaQMQbADb8n7gXmp8t6KSJKJ3qCkp65uO0y2D+dmH/JnFoIREpw2wKC6e+aT9VIRxBICSFSZrKzmcjQdW9BXhOg8/pEu7ZN2LOL9IAheLI5kZFVkL2ZVxbNUt9mnF6mH/kz2D/GpO1MpzR9dBg0ug1mVaNl/pQ/qQKnY6bydDOg/MffZgsWMHHlYywUBJb5fkGNXOODQjryR+2Zl7LU6BrEp2tHNOXXpip8ynFB6eOeVXbzmiGxw6PIa6V/Of6ddy67rtCyEO5VvAJP073RpW/rEQGJ+zPib3JrayLr2dMEdHbm0PMxFP2V2oypXzEv7hE/VMfZKY+JlO4CR/+Ha0YbDVjMPm2b6zCQUaUib5//pQJnKYBubFPRbftTKV/10EDfptGD6mB9OAAAP7+BtAA6/WWF333RskTJ4vfA5Y9PVdSwaP0UzLpN2VJv3j/sEhwYLJIogq2JVcYNJliy7SqmaQmSZ/v/8YO4euRMHDdA2mm6AhTU90vA95mEk6NwuF5DXaieYwjW8WIGB+axfBz8wsNyx394MHHvua+be5FD/WYJZLVqbtf1/4tKBr10Ifczgc0Qaa0Z9XROpkD6i6wGp2Q5JvEawsBMFYFSNNVXmkhRP6ZhYJhZx/IarBZ7JV2RBdCtDlOSAT/sWIAMZH5zF9ZuuJnoiNgCYt2u32KaTe7bulR5bV8V+/MzM0F1MeqLx6EjFHZ/XUcHMNJZseasxYbOHu2VWfRrqz9VgmplOWEIpIla5t6tTBOf4X4W0eWmgjQdMFGUu0n43fCrYPi5F3cZiHzkheaRzKioiUpQ4YjR5139IqbGbu6x2O/J/9q7PfRwTpr0BNfmwameCaD3xYecnEaQSQT+MMOFUqDpeZJdLg/I8kko5UmJvygGq8yf/cqa8V5lc68bUzpT3mc1XqwEzVnnzWl3gD7PnJj8XZvSepntmEtrPvEgzNOiS1aKtp/dqswEizMt/UpWBSETaPqhh5azf3zSFtfOp+spygOvFlbUTFIw2nKSV25CEfB0BJxskhe2T3I4Nyua99fjoNdeBMzJhR7QmM5SRvKx6Bk4yp7Wi/YbM0cCRSA61/5VXNvi4UM5Gz0cNVk/pFdXgheg2U/6xSlg3rfIR+28oc8JY1on3Ni8aVDjF/I+14sjgr3UsI1RANvRnFJ0AjkRXSK8n3IpPc17MEQlkCXCmLKEQcIn+Uy5InMVrZzi3bc98Nzh/Qa1Exf8qU7Wq3U3SPvcDc0Jhc4nD6Z6x+fxax55tf88+f/e2buvNL1THbfFSn/94kW86rlS4sot82035I2JaIB7DCCYgwXogeIipLfr/99YwAvosv/yYEbyJxbe7EyZ0hlv/mJoQjqLDxiIcmW+OzKfffKCTUXXeTOehHQz9Y2I5aDBSZJQAnnyb+U63XW0R5APOT6tnTdTkPamzsRHt9pOQ5EVg8TxQLjiZNiq2+FgjUetDzNQj11x3TC74p+7aAhLfVXuTHNAGICBD/TguQxpdisVAmc/qO9uTp0NiTk5Sd6qAYDrhSd5XZEonW+F6RD1QWs97NLxBs10XWsPtYhTaOZoDuakW+Sfny2Br5AtPY0HhzLfOvcBcRHAJvPDI4tKXKgekf2jPnBN/C9ngDSII8KzsTtl2rD1XM3wUUdEbEJ01VQzY3gdz4PeoEkfJXSnjIf2mpra61SPu9CoO/4WkgWQPYv/DdBgxEnGs7QjFzgkkdJkn1AcRAdx0g3lNLTUMkfPTx8nuCZN8xE74GEA0s3AEylIGJWOy22AWm/boaC/dKQtiVvLcbfwvUOClF5uffwAWjCT1Gb2Xx00yYoIB4di40iAch7GZjgaCt0dS0r3NrbKYMJQ0tQSlPaHHvSNEG9YORAx0RjLr/Cf/yZt5bxns24H2XQj1+RnhApplleB3pKFQc8ClX3L8Yz5UdG2Ps+EldP5Z1/VKQjKVoLuvH6f6uYP/uQvNjy8NUiEaesP7ZAAog9t/D7DZH0B7wODaJxfLZfGZ5xebd5RhDRDbPCpjlPvej+CXYTSaJLc2ixzaOTFRjrZ1HrLPtSmjbHCmMWH+xEiyN3KjIZDKmdZwPFe/NCaRz5lPfSWajnOSNDX8FSHi2VACtAwsZYw+9KpTnZ1IWUpA4QIUMfRqHBnmUqldU6Kd8yoNwB7B1W6ZpI8XwYMS+yk1zm6pqCPkpi2wvdCVZT6Tr8/LUscZFmAu94EyDY4SeiVhdOqgGwxjhGYLIl7F3ZqF/MqoxJ1VMysljp+IllMAxg9WBSoW6FqLfScvtlrht+XfyFSzxTQbPLkn9mcwR6b1k7qIZ6Vfq1JBrkIbhjF+uCW9Z0dklrTA47WmHbhm+MpMEmxcn0gpGTv6kS9Hq1OTRc41E7zeu8zsdnnmBNrGE9ZuMY6SWAvKOdSeuZvT4qegVmoYwlclSFKut+Iu2kGS68nbTh63YSLKjo2zoKpYijFIaf8jYrBL2JXZw+nQmpUUbuthZPDU6kvKIRHf06hF4DLzbzWIQpuW9PUASY3DMCiJrE3o0Ph8lNrn+y6kNOVla5EE4/jHXq4tlV2EwFuyBZS+FO/O1ILSf4CLEBhA/ilJqvFBLYEME/FIHmvm1MA9y6Bu9rJZP+RvEVdZx4KTNB2fZzvDe5SX6a3UGa7vul6ERhgvopAWyocvWNuoqGe0F6pYR2bsaZOs36xFL6ZAnJqKsNw6R0BGp+5WM1HUXG9TUocnTDmd8zXzhFSPnw4Q1XVce3BrWIczhZvXPsUI8rEXKryQDIeNxLoHcGET/12gTRyTdCb2dvKDvtwtLMgR+3GJkGhpugZA16lyuvNzZ8dc1S5sK53TvNnPgMAajGo69b95EWi1uMZtyUwHgmM2NmmRpCIaUMRCWzDkJ77IM+mrVKCUrzasoFGRSJ0vxsieXo6td7uL2F8+1gXRscWpaKHGmwezOKsCfzdhe+u9jCMn41nv3kv7+dAFg3rKVFR/rp9CewaaXkXEPLaAbrKMuYWtid2ZoWICJamCOhWpjsK3Ww7QyVZcDrgrVj/k7mWsqOr1k4zK8Kso13/upjyOmPTSMCgRjEF8NF2YBaLjhygysNEWPnh0tWXdhUvhN6BYNNuM/C7urh8sFzTTwLh4VY9/l5mtCDLpmHWsyMDqMFpKmHOHu+jkcnnSorHZHqkfUH7yykedtJuoQGqECnLdzJe2o8lvjSvnZH+5f4N1DNQLWyhY93cZk3KltMtxk8SOWnJJ2A4tDhQ43sOdPZy/EzuAE8tGCZH//VmByV2iSfDtboRnTaGHlp7xPvCf/qeqtEbzcHYc69hZJYWLIPeXK+0Xj+teQ/Y6HgipBq9xUbKkZgZbICR59sr/ixvvKux/ZPYy2rnSC0Pv5U2xLgEChCrkSDWg/jb9O3W50JY3oOf6i4ufT4FPZy7N+dsz48MvLSY62z/A9wAIVquJDCnGnYJWn5/qMkS5rNiYBd9QYGVm+vSRlmEBfbJmD8/SpxfnhuJS9z+3s+zAu6vpK/E1QrBisPZJGgMmCdRe7WYkRgKW961QMPKVUwtrLVFn5/+Pav//HJ/g3yEK4JioOD+95ytxBesV3n7I0CiOhJ2QyPvgKgeuIZFVdMEEV11hPRqzBnumEMC57SAQ44+H/nKAvJK3D6BPv0FOsA/31B8CJPhecKNCwYGC5Vi8So5xzjlRyxJ0ftdjYMKwxogp3XxJdqpf1ywbCMA4sp8/h9uEZI/ZDfRtpvcf9ePt8/8NcZ5LYkx0QXbLb/rabeS4O+ikgXX0/UqgJA6oY/90RjDj90wtkxyAKNZPeB1EqEJRF5xkp3wrmZb6KCR7/zwYbH79QzD1Ko+OvMUoAxqqmwJ9t/0AMAAA==",Bal,foodstruct,bal
83,murat@mail.com,1644934405639,buse@mail.com,1644935136959,3,true,65,"data:image/webp;base64,UklGRlgJAABXRUJQVlA4WAoAAAAQAAAAfAAAfAAAQUxQSPUEAAABoIZtm+HI+jqdjG2u7dHatm3btm3btm3bVnbWO1acTqd+JJN0VVf9O+e6ImIC4P9NeV8Vy/J3K6Zgh2tkbIXK1WrHV+88bsW+69/ePU5DDwa5MYEvE1J0yv7vv/8mpf5M0ggism9Oqs0CVf2vzx/r/1iR88JEBQMS1FYksXWDKwN6IumPezFgAYaP4fTj92NIL0Q/n4sYLLXol/8tBjSEfgUe4phNGwWoXCKKRvvGVGjbu2f/yaOP7FWbcZz0oAfnl883z5JV6zbNuvPy5vffGqPBaDEjzK+j6FHm3O9rzxBCSGdExH6PsZMvOCJfcCjPczLiZ1gQ+cnVAaDMsl8v1r/5or56oG7v4gVC3OShWijKQNMagN9nQPbNapP6zc2t0wf3ahxIXMB9JENxBnCdtEjK5E9Pr3dRkRTxWg5oG7husEpi+7cySWVSZXEEoh9LhxaS1Mkqi+P8VBFJv4ogfjuS5ceQhwjjHILc1qda5fAn+BmOIQR5dr8syuFlzGM65LuJZKl99BdHL4Lqp8oDc2uCYr5TqBFBIffpY6pIEL+DPjmxBMEA+pgqklRPoE5KAZIi3lPncwhJrpuoc8+fJMVoM20eBJAEXfS0ueVPVPFk2mxzI8rvPWXM4xREwWHK6NoD0V4nKZNVjyhldw1lPgUQFfcDUfaNP0nlDiPa/o0gqJ4WUTelFDG8+ypE3y8FSSk9ftFXCt11I0IRPfyrWRAp9D0YANyjSjdYcmhcqHTNbmsQnW8ow0p0XP3ouxYhw6F8EnkvMiBaJ93JQQ6eCJCA86i8zoDYaNkd5lRI0+1JImKlYTnvRIkTWRbEUM18X4caHUSMNQzjc1GEDEEm1qDvMfa4GreTEHtzBiptCvZ7KiIW5wwrrgJYZ0CM1r/LBzDDwiqkbc9BBy2zUFIxqJPGLn0MFPrAruxKiqDr7EKNOMVMhlUBmM2up4EA1QzMeh4CEPGZWfoWLuB7jlloTxQoF4rMmu4DUPgNs3q4AMB8ZrVxBYA+aYyytFcCQPB5RllrAwC4rGGUEGsD7XBprZTSlbLjc0/AIZxbY6HUnUA7UGBBtnSGFcHTRUpd8LEHHkM+itJkXWnrCV2yKHU+N4CKB6SZHgQApdV0si5VOQBwwujc31FgWz+ZTpqW4HD44M8mx8R3zV3sRD2mjS5T8/fO1oGBjgGXd4raEdOJ/GA/+g1dLO8G1WhV3B0kVOWd8160lz44EHIt+ZUiP5+fnldICZLzpVZn2rxrx0PuBT/Qw1wv3AUwx2zJyNkSAY7yS0VcwqmbOkJQB8DvVqupLzgevk3ApO0Y0upEkgUhEV9/AqQs/gZXJwA+ZlHi9bf4qsmCq/0ZU1cAAFVE+FYRlyZaFuDayIinow0Al5CG67OXPMDrFZaUmvYAJpkwfVXKBCo+FaWy6tSLI3LLcxvTY5BtkbtWadL3dY3gwMFGmE7Lhyt4RXBKzPq0NNaDA4eVOy04hDnyASh21pnXIxoX5cHp2EQcf6rICbzPGR1IuTjQD6Ttb8bwT14Quc1sR5c4v2owBxKH3LRK9zafvMBvu4BQ5qlukYCRa5Yt3X6lzMBv9pWJZb04wKrabHHOKiCkS/naBWSv9AT8sV+cMhxffGxR95ql3OVHpKKTjdlOduK9c/uK88BSj/V7stMnH3t9flXvOiXDfdyAtZ6Dunm5+MB/+wMAVlA4IDwEAACwHwCdASp9AH0APoU4l0elI6IhNHRMgKAQiWcIcAvwAhYaI++6DnygCZ43aq0cOc70Utqkf8oub73qN/OL6JMJA2q14PyU/JAmqQEis2BR68gsSvMq+qV1XLuPWEwnPaGqmYj+4hOO06Bja1ODul1REyVD+pk/sl1yDxudIis1Ic1hRI0vKwKF5PJfgbF/sV9Qs4tmnqjoJxoEwfocISkpng6tPq8kaYeUCnWh9wJxzIp90UfHCNkIQZPbzq+TrOsEDG5aDxe4tzmtt0DU2DBDSaQxkgnZjgnXLwHg1iwIe91BM/0/IivpeXAKfsZJbNPjs/Apqn40RjeDo7bCndrzlkVtTbkAAP7Rxi+IqWf/7PS7Z9D2V6bNwOTjhKZwZhyYEAof/pJozUzp2TTdje+rsRYS2Oyv/7cx0fQSKxDaVrUjlYEDmGtOcwNSAimo3dlYFe7u378hYcwV9GR9DribxISJsv/WlESzUFY2UYbfp+0h18JR5OtHKnzWYkFEYSK577tPS6eOTmUn9vKP5hif+OTta2RFWvl/HhHH+KnLBeuQSfoIjVSebmcRh1TKwakolMGQR43otA3zqBkmK/99PsebRZgSIssINpgGHQ25Hczsrswi9aPWfi8obdP06ZLAVbcNUe7sTYZP+OAmGC162suRIXpx292JDWonjAU/MvYIfZjyfKw894j+S8GUk/6DQyF4dkCmj7dSpDDQRKp+QXJGZL75NNq8ZnOkmXxOfjaRvl3wuGh9Zb75rzY82I4sxLh2lnF0X3fAR32Of98zx6ODm9ATaLO/t3tVdf3iStxkspxkD+NyTjbJpjJ863M7QtO4LoNCJ0ApV4SgjYOfHeAgVL8j90CZd2drd6OeMEN+VJ6Yw2S+PwgtNyUn34dYJ9GGxnmY1HFMJS6EBw1IDJ4+bAj2AXu94Y+zyhJEnlVHT67L/IfQk9NrTEbmsJt2Iz1iMK1/J5iWtve/xf/kcB//kYJJOJbJRo0L9z/1If7jTOYZdn2/fNO3nlsfixTLsAPpSuZ/08t/pbf9c7TH66ghBr/eg/1JKMPMW2Y+C8xMU72q8OaoGlGSrV2T21A0x5BJHPACP6lXTZG05v8XmDoUhyChGmziB90YD15AZUyRWEK5KbyoID6zyi0atzUWuAUwKmrGJlbeu+DYvxWJo/Z8M9BPweJpGpjBkrTtpRljR85C94GdkGeSarke/fDhBUX9VH/5zIAGWlkA2XWvdppI6hcK+8m/cyQiqvEwYYfGhP2+gNhq8sm4CKQ+/jiEqFcUIwu7u+Lt8Rl+JnxNBHD0wbAFgRP1vJAPD7huHMbwad16yPP5RlSQJLkNJWx7/icUdIzqAGfz4FkU7lIJw/Rr0Ex6357fE3aiwnZaCdHpR7jMgbCy0YvolZg8RBnte4ABhU6O+1gjAAAC79YBXJysUAddjgAAAAAA",Küp Şeker,foodstruct,kup-seker
84,murat@mail.com,1644934438819,buse@mail.com,1644935134286,6,true,66,"data:image/webp;base64,UklGRqIRAABXRUJQVlA4WAoAAAAQAAAAfAAAfAAAQUxQSHEEAAABoEXb2iFJ+isrMyaK07Zt27Zt27Zt27ZtG2WzbZYV3/eQiC8i/v+1V0RMAPsXT4szYyxj1kwNqri5ZXOVLMycnjGWvcTEeS3y5/TM4+bEshaWudVpxzQX15aX79+Oe3vu3MNDG1a0mnVtct5q96IQf/s+O/Lq8LSxD/xbcSlTke4XENHXD1X/jEWVj3pOWHdmb0MzP6Sc9dY8DY1FvSakIuL7lfXyerhmdXcympy+xcpwNOSPC8fDzk7oKhuq3I33f9PQwKnx2zvmNxukYL26d9D4Cb6rChii0E/k5e0cbpLO/i9T7zJyM+XpnW1FdJX5QJKCfN0m6Udu+iQVeRtzu6Ve5Om/kMf7JX247k5DLsfMkfRgKRSOnI7Z1tpVu+mPkd/JU8wamQcmo+4VHWFUa0mbnM+Q7z+7auKxDHl/WwuPTbHce6FF2yTk/kdZg3UowE50ffxEsNlM1QiFmHDGncZlvxgwti2NvMEwAPpKGkxjmmcYvScNoPG4KAhltYUkn7cg0C8TSdlPovCmqRcnimcZSFqlCCJtrxtJySBB3MzNSNOtFwKEFGGETvlHXv+OiACcArCDURNr5XA3qclzGXkOoCiKHUTlzdnxRVW0jOYaYcrbIZJDbd6IBfGap0Pplvn4+PgECWSb5BBzy5cvX74KwcJIHOTkmM0SPw0BhvhWmhEOVwyBCDpL+vU9eJWZIN0R5BsAIkSuGtysQSGJEVaNNoq+w4oy6nnJIkjpTCV7ISIqwDlcQGRql2bFY1CxhUgacuY4nwBVLiJijPXhEwIAItgJK0o3n0cAaK2gNWBqOwvdAR4hACAi2MCknUzD+VxS+XOIWYM+hgPtMKa7ma7wD6M5DhSAiDFd6Sw9f3CE1Ap90jFZpmHZfPlm828T5wFzZJpGfwSgBNz5nXDamcI0OUUANn83MxFk8kI+g2MAiJi2WiKomSwCm3+aOamTl6MwE3oztZYBJ6LFEVxeVa7nyE8AjQCHW1SV/cQPQDsAQIPYg6mu+pkfiKDYQLoBqtw3I1cBbNBPUeXcqNP5RI4ggiZ/G6tijGW4zQuwchAovIpTFA+zBwbTEmy9KkcxNMWeXgH0ACoQEQCjGjDKEyhGiOnJKD2TBIEfqpKkQ14C2FGofjYmcf3CC0pQEdOKxJ1XgKr/tiSReUX4oyEJCxLF1zo0b0QRUYrmvSjOSzSnxQAf6jHa7vEiiD1Wy5nIc1ZgKu+SA2u7MXJT/m1/uJb2emZ+pm2+PR945bV9eFGmfbpyvTY/+pHAE4j55j+pf9v8ZqbbCr13nP1suPhQrzvHtm3durFjqUxM7/+5F2qx4tlLL9+g4LDPsXpIhb+/33gF+Pl73b0xbvz47tXKFs+SKZ2rJEmSiRnTySNDlpwFCxWr2XHFxp3HL3j7BQVHR0R//hZ841Hw289fP4eGhISEBIeE+J07vmTM+I5Ny2fNmytPVhcPxl9zttxla9WoVLd1g/btGhcsXqlJ+/btq1WqXqlS9Uq1KubJIbF/fAUAVlA4IAoNAADwMwCdASp9AH0APo02lkelIqIhMnkaqKARiWwA0QBaxy/S+blZ/9Z/Vd/AN59ZYXv9b6lOXC9b3mF87T0X/5b0iOoy9CXpXf7d54F4jfn/Bfx/fCZIdyX2rxf8n3kjqBez/OTfo81fsvQL9zvvXgW6pUoxkvUBfGT0EqhXS09CVutM8L4gQ7lp6UDdxSvB72j3Eqrij30K2oe2mfSmwyZ/ZEF71OhCuXqHj5f9zcr07/xd2/yYGpQ4a1DO8hLDu0zDmbY0luHHd7Zf/0jUn6lpV4rf5Fx1H/kurYMT/t8bNytTqw+Xxi08rbGKpyRPwl+cAwA/1V3tsA2ZVjhCZHx50dlO5QmWsdnCYWKHba+AAGJY8fneMgNsofuImMoVnoqcB5yOW9uMdbtQdEb0pysQROU60SCNTACwFj1KzLmMItg4lJr9JzvoXJl3vIFIFnBqeWMrZACcr+nxB+xthQqsmNRFNcuAxP61pfhR8X8Yk39GNbEvwbnFrsQCDkVkLjiCerEsir6deqW78pjfQFTcFQ5lUFT+S428twtzMYFfth/Iv0LmgHAAAP7+BtAAAav/LA0Xw6ldxRJ23Jn/RQ8oQWQORvvR/FQsaqHrdFk1MqOch5pzoZhRTu5JV2s1OMry8FVoRuvW8ujjl3ogweMD34+8AVWvUzWaaJVNeoqcuhTOTekdqA8pKSaPI1no8lL/Zc6vp7SCsbtjct6hwiGqa043gpbixTUffnMyL3ITyuv30bJp/MxzQd/d4ugH+Vz4rA+VHFkP2S2f8QlXbBvtbnglPM3TWh6v8BTe+hnjWuf2/aGdC7OJAlvyU56Pnt7R/GT465GXaTPPdjrBw4jYMiOugfyBIllWiphDpuW5i+iDfGpgqbh/S1U8wZTFA66Xs0Q9mypxpovmFTC28CR07ldONJMp/TUohczoVN3SRq0ZupBqPgGmyESWKs6ovWwD5/GHwRIbBNqvrdoFTHNlzgyCZ/qRfZN+QO59kG0lAC/fkyow394PTylmA4grLZCQpcWvR4y7bIn9eEDjnLzSLymR9CEwHn5yz6VPUGiOm9b3e28I6gIwKeg2QJphy3hNLDqVfoDlPRupgdp1bRLJ7X8DFkb90YAFGYp0TuEHuEdGhUP79L1rUZYWdpNl9eL3Ho/AS1mgvsx+C7Ma8+mZVOUYrIgKk2SuKZpxFN0fbvJdtRaR8WkHD9k3+cRO0wlv7OXbIISPgTT2GlwgBGX/saUTU9js5zEROmutVcMPOt5h6EsaylG6c2ldghmuDS66gOi7aY5lBZKWdIeZXJ3xP7Jd69L/xTI9YYvsD8SOUmZ0hdOA5QgtJEw52fnx7WWp32QXYwZC3wH0Mj1DEGXyapTQrpWXlHu7vPf/TSKgrg5ux7ZFc86FIVX2w7XQolNOmAOv3gw+yl+1e988lO/vUJL7wsR1nmzUWCzHLDSAeeQgnU1d8Zi5F7Ix85W+RPOZLCwojoUZeVo9yKSAIC/UI6dMirLdgh2ftZYqYPVc4ZSjPczd0u0HhjsBDgYqA2xJbnpMMOAnlGdsS4goMEDqT0zBc7Qqy2TNSXf9y5pwdNRpqMdNvnMdXFPiznCR7K06053kRLfRn7JrNfsp5WO8+JP7R/1UeuKrsQf6vkLPe3SXwxfDSIlhbof9HErDplno8QE3b7ICsGMkZ4wxIJbDoM1hFduYVldO/U4QIv4c+DPqmJLPrWcfyp5LvnNo06l/v32ZYWXUtoEB/muakd1/S4MyCbNVO927fk6BCyGsIkMtEb2jr0EIwVQ0zF4IFqkLd/Dmn1wwwBxFdvvXbl8Zu7RBjBumPmxHxI7E8/squFO7W1ZMdEGUyfMZUGTbqB3jdVRZpWW4A3VXfZzxpSm0UfE05hFAz1lVezk9RQweO/vhLxUBj6SZE7oajT1s1/NA6ZGUbFM5qg/7IsHLYv6ZN8uvPN1CYgrHrqAs5RqsxNM9FQI3jkpXd+ZZArvPrJbs0Qp1bcZ7zbS1wxo/Bu2V31RupF8VWTWkyV7FGumre1fgdkQisfctgQQVAsx5QNOfFzudcIYik0aONPeKRPIsSHxnlIBaLDScIhQcJd7sbXlXCXY5aX0NKoo0m3Esl24i+eDR32wskO01y79Z2iOfV3sdFBpVYWcVRmholvbAb+makX7M2EwOJQJMFE7UyulDqTbevaZkb2a7hf1gCS10YQm6oUL/EN5yDVgVcGx7BlL01KR3dVBgWZRz3jUC0w1UP1BJtWHcfYr5Tqe4T3+5fOxD9cVoeBcuu/Bnm4TMsRqGQwOdVj9gcEl3Pxs/9JQx1ezXy0lUrKNbB8VIbObtb74Nccd/156lXn+18xDIvrX+jmCkXw25zGflhAVPECjVvr4Mfc67AN9RdvVVIpN1KR7j7MLbRxGQwHMntdfV29BTe6ijF5FgTV41RbEsnnybuetXc22rDRePHsecgBSKV//32V09ayeXqQJULeCVFO0mlOjwjh9NaEVlS7QS9AjHP5IoFuifREYstpXzl9N7svQ/DdbYf1nkep7Mu8mP2k79zDCbKuarFZV2KtuzYwInWVxJcbZcfKqae2e78vcHegir6qhONz5y3+MHZM3eEo0+tYxg0wzH54Mol+5Cj8HIxAWxE/V4kgGj6PtO8nz1GCHfiMimCdewVIZX3ct0UTAkyRxeHZXiXlyfTWtMpDsMYPF92eDahrLLn5u31Y98QVQbixR8S1nMc3vG5MgSUABZ+oNYTdI1HlAoP1iyffOHAurBezneZPpuiPHCYgB9s5LFuSmNW4gfYLgLqYKtkjh5Ip/8dEIwpQsGXk3l80j9tTG1lk3I+HW/YI1oCJhzOs3TB7lgX0dePi4D0ewytgX3Oya+I6n2gJ7LA8mQmpl6gw8uM2fFSymZyPVwhoQMGp9FI9S37iHrYjLlczw19UzYreGKAtxklJ+BHyzP4R/cAMvtc9V4uMnwlQ7fJPiY7iKbKRi20ojBBRhOWu7cQt0NlFs9aZVU2Lw2XMYT3k0IShI6SRxCqG06s7ep8bGXshdIVC2itPRIA9SjIdNqxhdqttJzdF9dq2tniaePB9gNvZKlXP03nqyMOeX3vbqAhQqidg+d1n+qv1JJObnJN3YKK4P58wqym06Jh6e/+A8wNtmFR8vmEtHT5kOq1MvirgAvylYpT+XRqjy7gqaSAv7QzP0sHXXswcjjX1plq/nmbmDJRQfUHwulF4nswF7MA/hqaI9Svs/iweATaCEK2+YTehhx4QeVey/LtV4xW9YgMndZu0HQd6N/BDDAQcoUar/p2KmqL7Inds6ct8oZdfH/0p+C7sZ0HglC4SQwqGeycK+BZO0jIXXnKPAZv7JtQqePgeEVznLR5C8bDcYnW9pXOTfSq0/NiKJWsnT+yQHNa5G6CdEktZ7P/n28m7Bn24xaxtWUCNHYgtsAC+nFNEw/eMR53/2+nMuHTOsMnyULvAU5vrl13iLXTLdUuwLERnxK7XuHQ0NhF3VHnVgA6LdaV72zL9aORtAco5tTJ4KNWNe5E3uyqY2vNax7wMLveKPZXtnInUDwVTipQ57QSAVARFaLXjdc/P45Etif13Fb76U42u/vah+H/1PD3kcZ1i646yID/48BNUI89OUul7LMcQxNLhEVFQccePO+JCnlWafTt8fhnJ3yq+U6clHq9diWIt5Fwv8zoFts0cejXyTnU3J9MWta9am11v7w0CuSCXN8cQi2AK+uc68glsdi8MF4zN37zW8TpULqse5YHmfaBgiGLpZseNSLmaKfwwjf3PwjLUIPK/nYmJpzHqtqVSGpvtEa/ZGBk0OoyYafkT+joUFb5V+bhlMle3qHNtiogXB62SmTLdoPbIzb6TQQOxYpK7e9cU54tZrZw9cfeTyiA9ozDwhQkSXdmk/51fJ+Z1MJSf1NRgNo1NUhLeq+I6HBlBQUIqaf17Bj23UF6Cfllz5qekEgCwlcO4W8HkKEa+OVnQD9GQFiGUee6/9DxFdC9hXkf9NXXwp52dtv32mA7e3smXrALct2hHwnXV8HeA33Xe6+Zf1iNTxuWD9x69SJ9Kp7cKvTJzzrGnKKx7kSEm9DU7ERb3sHxpbcoV19mt9lcWv56wgtiNnlsoVPqAItan0bqCNeuccc+8DnKHfPWLf8mtRAvk/JqAJq9x5AFNnY8vRoS/mTZb8dlnLO1Sbx5jDY+2f5EzipSn6JOf/tkSDBV8THY1z9HKcqkRzKczMYszoGls4iK7nCc0CMeLkcqvpr+Zu5b3mER5bEmMNlrWgR14gksF4/PhchROR9BkK4DoP+qNAFVe683nYiTSThPBLWJsE/zeGoCUKHJ9jREM5LScgXDkwHcLqbY2dJU1wt/I0M47tdXdjKBLfcCMWBO5V6kKgthqQbD0zHn/xi8zmQDOcVfAZKKlbn5tVZ9EDyC81xO5cdYND+Fsg1Yw5hJh0xaAAAAA==",Hamburger,foodstruct,hamburger
85,ali@mail.com,1644937035533,ali@mail.com,1644937035533,1,false,39,"data:image/webp;base64,UklGRmILAABXRUJQVlA4WAoAAAAQAAAAfAAAfAAAQUxQSNsFAAABoMb//9lI+idpd9qx7Vnbtm17z7Zt+9be893atr07to0OOjtbJP/vg0nbJE0eX0RMAPkfqoyHFnV5ecnYnnF+LPH7aG6I9kwXYKm4c/ir6RPKW45M0BrjTzxPKQDwALCpj0awHiIJaRC12wFQCGkvxnKtGB2rasEf9uIIId67xVpTCvBC6iod137K01+8NmdQuHoFbs//rj1HSNy89zbcyKy2wiFF86md+Y0WwdZcl/vn/ACV4kJezUt71o+09m838rHVt1tEAFA4ad45XK9G7H+nnxrzS0HWimDikAka9+a/18soXLWcHO2lPtHFsBWe2JdvPj8vmBMhhDBe0T0fvWB3AajaPddHbTpXw6Fw9c1wB6Lhf7kEWLf2UBfmGYsjwJb98wBvMc7Ly7BKAvA1n/bQqYhxQ5MzAKr+nMASwnX/fte+v3ZRCQBkfthOPQyPf/Hxmp1ZvCMAN57u8GELZG1eF+kK12Xt9vZuEXRTeNhY30KdoubkRshsv/JsOOuoTfSUzRl80yq38Hx+9fo/jt0oszkDykN+/s4CowjX6/tcANgb4BaE1bcx+gZFdZv8yuoTdwtNNijWfGSAF/Hsub2CB0BTexC39wjrNeGpXWUAVQRQvmXR5kKI3u/PKGjUNxPDWCnEDU+aoHT77/FEyR/VVN/4YXCIXiISdlVptR/4EyW36zPmowsW663vpkVJY9xNFfajnijZf1dNwZ1/tqXbhKaStcP9nGD845OS4sM92anNCqtY29GgoNi9jQAEkw0AqnYPY8XCXjl0NzXl7sU9X7yXojAg84f2jGICwv17Pr3t1kOA2kFpy+4BXoSQxQVw68bVXViF/HD37M49J+5YKUVrwV6w540lL9TBze05P/XxZpXwVLIZFE7beahj1Z4XY+Tz6T1+yavf/Hk+r1FwQAFBFQBL3uKOBplm5xfkZGRml1Q38q2oGFUHwJqzrq08xgAvPaM3eAVFxHceMue5r09aKAUUQBUCoOH3cX4yuMxGPb30mfMmBSi65sAgT6WIcpuhsqZt/ZREflYbCLXvdPVUztNUbQB73oZExcRcUB8AprVJjDLYIeVUNagTwO0lQTolEDLsqE0tXORvfTGUVQITMHpjcq1ddQDB9O/kaFY2QggX81SpCgFouP58oALiPm4CVSUAWbO8ZOL6XbTCVaoiqNs5oY0czIxiSEnVw25KjpdjZD4kbt74+obzubUm3p2at6yY0z0+TCfHIUicstSHEJ/OYya+svrstSp3QclgInMnSMufjiVOe/SY9MRfV4qblSSI4B9OppUAlcD0SzTjXGuPyG5jn3hly8Xi8jKz1SpL1YZVs2cv2HTp1t2Mu5MZWbiIHwTKu5Y8XEekZ8Oj28185pWDGTXNVCo8OPSEHyEMp9friIzGvq8dKjRTUFcaVicS+Vmf0NiOyz7ceDq9opa6BlhS3o9iiKwBc7cVC5CQmp83EuUyXolDx3yx8/SBalcA/kwv6bx7PXegEdLSjFnELb26Dp76yObtF9JyS6uqmwQAqJwhCePb+cVDhTY4pC40HezIuYeo3hCW1LF7r94jv/nzdlF13ScSsElPHKlGfdFDBxTOUvuF2Uaikmxw50HBrhg7LdtTWnf/0PoTNQKoCADb9TwbFai56L+5QQxRb4938mxNfyx79XA1hdM7Qns+v2bDp3P7eBBVN3z+36Odn8yE8xUPNvgQbWT8u7986wFEqdkOQEhOPxZKtDIoh0Lc/M/njQAtun0wnmhmgAWtLalf9hl+BxAqks8lEu1kDlsBZLwcz3ZKBWC5f70T0dKOmfT68wZieLYKgGC63pVoqm7J6/EcE/5LAwDwhX1ZbREddQ70AUCLxhHtDXneRPkrp4CyaZz2JBx4CBx/rJaaH9ERze1QBaT99U4W6h4nGhx00nq2S9xuvuU5gxaRHq8Fsy/A/A7RZkZHxhfzHxs0ihDvm7gQSrTaZwPyuxPNHlJvfYHRrojtG/yJhnv7kP9FCgBWUDggYAUAALAcAJ0BKn0AfQA+kUKaSSWkIiEqFNrosBIJYgDVtji+n+2ecNZn8R+FeG2LRYp9RX6G6VHoo80P7VeuX6Yf9VvrO8qX6BazxxZ1cvLSrM5bzs3kk1VIZFsiA9c+hsAAAXCHdZ9dAjA7o6CBYv80DOL/Ik1qSBuzRA16Ku73+SQ+Dnj3z/PYrD+9PxEbcYrGLo5xPcyCK/xc1lyZlx9p9wWdDHtR2smCs2hWtw/XjShb4aXvMJUu38bEQe4E7kLGM+0dAIQ4va98OrIVIs90AAvuLMrko3AshvbuBaYeWgnBx3WoqQV11zbi8hK5tQAA/vv9UAG3/+L/bIEnaFWUI+b0Zv91Kr25oPtoYLFIz030gwY1u7ympsAdSsvwUrqyQMVP9S6vq9LLVqVkAWfxwZtQX+ti4joshz8mUg/tp6NTcB50UbNFhaLBpAebuD9GOxNWyPhNqAYM0FyUibPHatigWhkI4beOHbCo+DFZsipcmip5rJrLT/UFYIxQxu2dahDLdAovj9lnj+kAf11OoGLfhG74aKL7QrN+bEKzJvxIDrz/bVzoN699Rywg9SMuBd7IL1nMxBDZhpnM9PcTwpzaVQrnv+V4C6GMS37xQ4nRGNJSPsT2IJ04SVj6q+9UOmYeQ2PT8dKvWIAdD4ub29jUCaKSbf3py8ACgY7Tw7P3TUU4SvQ2PCHU2mKma6kZGE2BDMoDeDGNfHkuZFM9acpdKNyfOvEi9Jzkw05Fo1gru953oqJHFiVLlcEfLe9B8OPyREwaT7g2ife4XawO0wpcvsxAUhEatJVzjIYf7//lxzLsclnSxb0RPjH1Az/7IEZuFWw8/AdS0fv3F1uRuKgGLhqkS2ci8obkPjw0hubZHmQz6bSvfWc8k1EkKGGLQ4KeEbWoTG8M7PVf9i4DmHW4Dj3oBJccSE09oCL8L5P1wow6/l5eLE9X6V3A2t9YEYLnrZ+rHvfyvhHa1Zc/iwz+TmxwRGXtKJu9nhOmGdZT594TeEY7Xvg2FRjDjzwv1GzqRPXxk5n0LaM7aS67mC58zFDFBDZvV28RlthWGRMNzPj29NNVOq3jh+ocbg3vM5/NkTGqXtRzMR5HpPRBuZVdOpgdU+JBJEfUk7d4aTP+2ps+/tErV3gm4UETvwZLoe584iK/1hvBSTnE0t6XrxsfozQdd1zeBBm5a/N4R6fu57at/cA/g2yGrfty3w7emjexJPLd9fG8nqiyJHiNiqOn+ZRJjeRSKvl8J9ryvQOY1bisJztPoLwUaruRxx0xtmfBJjUfI8oSe2zST6brLm4ZI4B4kyJ5ZZGeRYjzdPq8SSzgX4QdB9L1ShpjTmCmHQsCD1HdM7Y8nTh29KLbVg5LxEbPWyLK7VRTnqy5qPSTfIKqIyE9i3/B3XSfkdVqTv5TaEBxqpzEWF58SdkdKppmFnUYWmtWJ/RGJUftffLd58F5sD6PolkrpgH+lZhapC6INvDcspA9lwztW0WAuWUt/O9RYzytAU0EfyIinQ8PPRd98Fi1RDyl0fFg4on4BCKhpj8j/zo5hfoNtEx/4ZfA4692JK8n/jQ1x5kPoCbuBjbnkvPrZi45VWrErszuP/pBOasQ8tcBTQSHCYxJSzF6IN6mhIpN+ZyDc/9o/52UE6mWtusaK9oT3ZXOZwDTSa6W6eRtkcH6p/kcUTIrWPOkCqhX7zMIH1Tj3/lQor4kW/pGkwObKmueksoV72bYL8eayRfj/rjWPoLKCUJnGntuDTr/qFnpjK+3Wd5EmWmQVVv/vflIgqcR7JqkFOV4HPBH/SFma3W9WR1oqhHvpWRdH5Qcf5+IAAHaLcAAAAAA",Havuç,foodstruct,havuc
86,murat@mail.com,1644937087572,murat@mail.com,1644937087572,4,false,48,"data:image/webp;base64,UklGRjoRAABXRUJQVlA4WAoAAAAQAAAAfAAAfAAAQUxQSJEKAAABGYVt27ah7FU1ov8BYESHxw+AIxAg+N/mISISg4MjSZJqp3s+M/nfY6YjkMUXIDFLNp1A52XtW+GG9pMdMQETYHnb9sVum/f7fr85oGPJiiIzMyeRHcYyMzOsuLteXfeP6Lrb7piZIWyQHTYzW5Ktc2Z+3/cuROMzo31ETADCjp51piAGscVI4zfe8dcf50CC+KIT7v3+NJ48+JuMlFy4uIis+AGAez7wy2RIIS0yzbEfAIC844kf5TmS2GISDnx8M2ZtfP7g63QayMVC8fbvYe6Br/9iokiuqX6IHOAGQkCEdMChmqLsei8pc2BHftnd3FCvRA6vjAYP8uvdmey+cdob6nATLt/9ro1GwdweG5LcgtVLUNlSF/xsdAZb668//7dLYWD1yAM7VwNgns0jNQYKwBNYG0RuWXvSwLRx/8P3DyJ1e5hdLMw1OdACE5Q1ErUwBcYU6OAA5inRLcxC/PtpIYj6FKLgwSswFyyYKoRQbkwc3bUJdSo0ZWQObFMB9phN/sPX3ReoDLUBQVdKwDYhgDQKP7yuLcaGR1HWg0vSMQ3MNZmLMqO4efz2E00AogdlZ0oijAjQWnAJefQBjDUgyhwOBa7+/8ra72JmGp/an0CFqEatBZeQWw4w1ggIczLCbr58fWzbU5jpF87vLSQFV2QBmVdPaHDlCZgTmJK3D13dtCN7TGa5fPBxIClVAhvqqLxQPE75wf9Tr/xr+4ah+C7DzOv/fLypTopIaEBD9cCloAMsCiYeXd1uBcfMiWf3LyngVAbNBMGqJ1JugN0tw5jbJ2+sTk5QAqKiDoVy44Ol2QkIZKRxEm4QhiiUOqCECVhJobuEgbWHxcioCkUdutElWFFRU2DniUkxESpqkSiraFVAATG8ZtyoErwehDIDKysggIcO5WoC1gJRWtvqMFCAVbggJIR1ILS+VyskADC0/hUqTckacIsYgJWlYqa+fXzCKOY1QErbq9URUgBgydoTktyDVS/ET7T7B4JZm3tecTisehrWP4F+JQRz3n9hwuFWeNWAB9b2zbxHVx9Td7XKxfTOwb6R+eCpwzlhZlVD6wH0LWU+GwaOw7ybvFoBW/b2j2C+Q+/9hcALt2oBG9v9s8AdnXFISvRqZcOoqH74P1PMc2eVJOrmPkpxXjhw30+810tWVAiqo30UscC3t/6VCierJLHTRwtuf/G/00VKZlodhNBHlAVg9ONXrEiEeHX6WrDgB0+dKZKZVyj0U4kxvhrNCWhVlKlKwOnL0yk5yIqId/uHUgaaxpnKaoC9/hGUTRdAKoIr/VO6SQ4SLlWg55VDmsiE4qyC+9nqodt2V6po/wFXagCtpSoUkBW42K0BjD60mlCJlH7TfLoOkG3MKKpU9hmmjtQCsr0fWJapqoa+IvAqawGIBzaqiIKhjzzJC5M1gdb6/YMxIETXvqHz3FRdACue3NfWDBIp/UGDXb5SH2jsePxelaAQ9gXE5eofawRY/YlP3RMyhJD1BS3nS9N1Aix/9OGWRFUP/QDaG+P1gtbYu/Y0o0iAkC13K6aeTfUCDL7346s0Rg1gPcRWZ+dnYs0grDqwPwtRRO0uaWy1259bXjcAxj7/jiUirgDvStZstp/+YA0hjr191TUSEGF50NBsL/vKYA0BI+96/f+94AJKeSE2Gq39B2oJ+ODmo8cIKFgaYmx0mp/L6oU+W3v/I/jbbaWolRZCs916dHu9gD4LsPJdDx192cUUVpLGrNEa+tBIvUDCbMCOd7X/NAVCwFIQQmy2Vo1JvUBkDix9+/q/XxSIg6VICM1Weydq/JHHnn8LLgKWgahZ1mp1ltaXbH3P+CEgiVoZqrHZjJ09A7UFrHz/oddMDGAJiCHGRnN4rMYw8ui/bxQgvQwVDVmMDw7XmGzf8XszUqwEqIQQs4FljfoC9umzIbmrl4AgmoW4ZI3UWPuZ33ed7mAJClWNMRsKNXDHS8LwY7/rJXFYCYCEmMW4fFSqd3p8KpWD+/ACkjmUJQSoSGysGK4e7MJLE+U0Hzl+HOY0lCjQkGURm9rV4wqcPHjBSsDII/+7ZnR6GaIiGsLo8qxykLx5481XrpcgG1b+KzcnhAsCRSKCZkVKlQOGr6brh8evDckCIPsnxp1O+sIQADSkIQPDWj3cGp2+c3M8WzMY54fWfX8tzJKUAVMIMsROW6uHAeR5941jYcnyjszlgo291wqjkSVAJEAYgkevHnB5Ysry02+c7WbZgLYEIMWP3cws0WClBJEQYuQAtA7OT1lKNn3uwsULRXN1xwT6xt+GBjyZ0csAAagqs27XWDkMXL/Uy72gdaevvfXqwLLO1D9fW97Ok5mXBEBVRJWYoIAVw79f7Oa9wgt38+6JN6+f10EtvEh3QwBAiHSrBrrXD6e8yPMipeSe34Ca5VYY7gIInSF3fBqVf+zgyTSdUl7kKZkVRfI85W6FEKUHgQlEkN24yaot3fyPXtFLKSXzwgvYtFkyh1t5MEFw0jn9w/92U7VkLPynZ3nRs9QrCs9zLwomGHgXoIQLXOzSi50nhuO8KK6l0REWBnz80rNMJmZ0mEIQGJERd5+ePH/5xLoHVjbmIkUtlNU9MrJiSQnLPvXTG+aFOx2eRKJKCIa7LASBJNSbr54c3LZ1MM4iuN0KKDubPHhpw6YhWQjW7/onkpk7TQFCFKK8S4A4mdPNs+kzJ3rLd65XAH7m+PD2Tllx2Vt3jk6u3dWQBeC+c7cNBd0pgIDoSyOQkpGG6JfPHY/3bR0ujl3cfPHU2k2rGqVgx80zfv7oubVjy7P5ON/YE2FOEIZ+dtCMBppE8twb3VHFWDv1jl5tPLK8FNz38jR46+TxxrrlK5shzGKvpgPiEBNHnwtNkpnDBIzFpdPxgSbFw+SZ0w9v1DJW2Gl3+uTlM5O9keHNg0sz4NjRT2dIIIi+c01OdxOjWASDM6lQ4sUXdozFEjorjiE3gGpT1ydPEVs7vdsPNSERlWQCyAJMYnCIOtSAQL/18r3vKEHWH88dZg4Ewru3X51u7F8lIgqpAkBnkkS6uwuTUGOhRMT0fzrvbi4IW0ae9V6iJRDU4JlLBDRKFPVK0NU00UkiQUHPnCCp/24801oQth/Pk7khUUyoFqiiGiKDoqKGJA46U3AXUYjT4cz/dfOdWxa0YvIOUu5GpsAkgAgbUVVV1KsBwOmgk+IQgYOEO/Dq4R2PNRcw6jedlowpJCrpkCASowZHlekOWBC4QRRGA5y3/hOfWDM/y0KiIzkJugUCgREaKZUC4Aw9AMFCQU1SJFO3Q4f2PDIU5zHR6khBuCGJkxAACCqoQwMAg8ENdEcOQfH/82ue6oRZvPvs421XuJOgIyQKkYGBdTBf0pDMYTTeOvHW1r0rFMCd/21Yl6kDCpCgEUIlQNSsu7gzuYEWrr9+fmTXynjm6OY9CkQwYG4HUctJ6MlpruZ659RxNNp7locIUQmYd00hubi5MSEwwW8Uy1pBqJkicF61zSQ0Gll4lkQtEoqoaDIsBqCBTnN6oYaYoodMQmDEIukmTE7SkRyIiqgxYPFkoUh0h1OpCKpBZPFwmKnTSDPVTFSx2CZ6MGJmUMpiAzIJBASIxZlOgRCLFYC+AwBWUDggggYAAJAiAJ0BKn0AfQA+kUCbSiWjoqGnkRwQsBIJYgDS5kBe/opTFvakJ24vSlt5vMV50/nC76BvOdfKV05nm7uXppsGc94T6IH6qtLlFTfER9cdsAsmIZBtwLZkbGW7VDM5f7rdXadQextOW+uYOGr3ZV9bZZaIT/2/hXE1yLR2Cl+3C2+ILpxmXNh2eP2qMaVtsRy6cnzP1PlxnmYoc6ZUQSmYgHsoTYUliD+GwrrVBZ9PcaNzk2b9blwqfBiaPo1faSQs8Mp11JXhDf/Mr1W1BnfavauBlymByLhfOZKxHA4IxaxqMdwT9nD7Xj1h10EwXovxxpk0RsrrDf4UBjzOVvc+dXRdzGBKoPCXtE9JWa9aIXIiAXGfW1FY9uHUAAD+/PhQX+yyUc9aOblu/VOKaoWc+hSf/4+1v6Ob9x/Pyui3Dxzq/N3nVjzBzD5Cu3s5W7pUEmWduIvimHNd4vXPx2tbZR8Ut3IWIN0fSp72YIMAiF+NeNG/YmC97pFIzL5n5Bfze9wGw04zZj8HuLXr7Cq9189/A0d/ou1gbOyTop3++j/jaPPtNeD+FRfLscG+TLGM4PNujAanawJPuBUgU5jdHGiATju2YhBFRUhLedH1Ek/oXjgY7Tb1gWJAKqmE1lfYIzqTBhVDOEajlHMDv/i61WwUqtw7e0ayhd/9suFsby6mCdFXvybN0P8gxij2G9yG6W5n/TpQ2Umxx7yKflV8oQ3y1LnnLri6+cjtgvUDaGvTn1oAMurKVxSdlk48nVpOQ3VPJ95aobFXrY2SCaIEO9CgM6n7Bqaerx23UBvIN3t102UQRxPtR/uLtTTfhdCM9PPj8spcmHhORzYNyClDuYfcC8Fs+dJ+RuNThY2OlIsbqpaoIM2PMCMc2KpsWDXByZuinY19w7ARPi0dNDZcT+KHRQsQlkxOLo8emSyAAqL9G1m1tRLOj5nHqTMXdDxenc7/FE+421PmuvBb8i0TTdkZh8y1BauwTdEaKqQQVVdq1gD8At++RFHRZ/R92oNJ/RDHJX1u2Y1SOZjnGjWYbOkMJeenB/KS8Om+T2c+BF7ldjB1r+189l+Zd5TF2hqkNus9xBFkFIQP9wpps85dx592B11U3xpzu4OTyAZatNo/4JSRV8hhylLlKIXVo36Eqn2vKg8ujhkBJ+vWXoVJRbcyGzBJ0rzC7drkIwTQLMfXrDkUplG7mmBWhgQPdhHyFGE/c8EwkJGyXk+lT+kVndmbkwB5sh4rJAsx6XcsRjijrXRx7vaRn/Y/F0tJ7EKxAiYGxusBsvUzC1sA+/BjglaXcbKeHUqaOFsh8taAscBXLjYzpf1F7MGGiw2X2F2xlXh/XeBa2nB2pgPzxj/30LiO07ctVcOklxIb31A1ic2JFikUMaxXfg+ohRrwIJMvXhCfIL4FrdT8RcfaiqGa9k9i/kS8nt3YuoueIlkpy56XSH5Sp4NN7Z4Ni1RKlFgHAZVLPuNI9MZ7tfCA08jvPZ0tZfFJlKL9WnWVz79Z6s7E1SPZqH6iCfY+dd4Il+6GqiEW+hETb8KOpIpRI/mfRijj6YPPTiQjKKFaG9EglBRcJcNwce/1h6hH2MJDb92iow2DXCimH52eNWdRiEkil6JM80mZZgpq23zV++x2f5J2rYb2jVondX4H/K96iJVnKe66IyHcWyvdCZVLnS3YPsZm/5E/qCqOKbCjdGIfUVNaV//qUiF+nskiomAmkbj/GurIwGEEPhVtE3S6o7/c8UdGQ9Rvd24z1b5CbV7Saro5OawzrIimWYF2y5pdUBhihH9ar0CPmXcg6d/aS06ZRd7NvN2TBrm6vyk9AGEAyAuAudRz9toi3aFKTGwmVo9y5JauIHLaOKcmds2zvlbP63/KI7p158pcGCXYsr2z4AGJM0duL2ZIqd3OHhdkzeovpWMkmNCPVFNh0DMqhovO/zYnO67kojYrlMLPn61a9trdnUoVhzAfNRKZrD3vp9/b6vrLkVgmSx3lyCG47FjBwn+00Yg391vFPEOpmtBpH9HJnuSlAC9HyDGWu9qC2QQNnG6WybfDf5uPwtqq8IFIwaezwCRFJcoYyOhJqG032h/RFQ5k7z1xi9afRDBSPtj8o/GBcXVWxvzD9aKGqSjS+CBps1TT880RvZ/oBO06LDfSG9Fetf21dcx7gLBFQgPmwbaYNtAAPTYCutTWrda3bCQ/XnUPvph/+dHvL/fAAAA=",Muz,foodstruct,muz
